window_id,ai_anomaly_score,ai_alert_flag,alert_threshold,pipeline_run_id
0,0.679149,1,0.5,2025-05-13T11:42:07
1,0.079785,0,0.5,2025-05-13T11:42:07
2,0.859644,1,0.5,2025-05-13T11:42:07
3,0.894147,1,0.5,2025-05-13T11:42:07
4,0.134827,0,0.5,2025-05-13T11:42:07
5,0.764449,1,0.5,2025-05-13T11:42:07
6,0.698924,1,0.5,2025-05-13T11:42:07
7,0.674949,1,0.5,2025-05-13T11:42:07
8,0.345579,0,0.5,2025-05-13T11:42:07
9,0.866009,1,0.5,2025-05-13T11:42:07
10,0.226299,0,0.5,2025-05-13T11:42:07
11,0.687849,1,0.5,2025-05-13T11:42:07
12,0.71457,1,0.5,2025-05-13T11:42:07
13,0.650259,1,0.5,2025-05-13T11:42:07
14,0.245393,0,0.5,2025-05-13T11:42:07
15,0.157165,0,0.5,2025-05-13T11:42:07
16,0.808978,1,0.5,2025-05-13T11:42:07
17,0.113316,0,0.5,2025-05-13T11:42:07
18,0.550644,1,0.5,2025-05-13T11:42:07
19,0.622044,1,0.5,2025-05-13T11:42:07
20,0.909691,1,0.5,2025-05-13T11:42:07
21,0.249326,0,0.5,2025-05-13T11:42:07
22,0.827684,1,0.5,2025-05-13T11:42:07
23,0.8009,1,0.5,2025-05-13T11:42:07
24,0.72946,1,0.5,2025-05-13T11:42:07
25,0.064611,0,0.5,2025-05-13T11:42:07
26,0.780882,1,0.5,2025-05-13T11:42:07
27,0.290612,0,0.5,2025-05-13T11:42:07
28,0.093489,0,0.5,2025-05-13T11:42:07
29,0.797279,1,0.5,2025-05-13T11:42:07
30,0.87041,1,0.5,2025-05-13T11:42:07
31,0.861588,1,0.5,2025-05-13T11:42:07
32,0.015288,0,0.5,2025-05-13T11:42:07
33,0.018368,0,0.5,2025-05-13T11:42:07
34,0.913345,1,0.5,2025-05-13T11:42:07
35,0.30916,0,0.5,2025-05-13T11:42:07
36,0.180811,0,0.5,2025-05-13T11:42:07
37,0.758555,1,0.5,2025-05-13T11:42:07
38,0.472896,0,0.5,2025-05-13T11:42:07
39,0.752325,1,0.5,2025-05-13T11:42:07
40,0.151214,0,0.5,2025-05-13T11:42:07
41,0.808894,1,0.5,2025-05-13T11:42:07
42,0.826198,1,0.5,2025-05-13T11:42:07
43,0.069353,0,0.5,2025-05-13T11:42:07
44,0.78141,1,0.5,2025-05-13T11:42:07
45,0.759272,1,0.5,2025-05-13T11:42:07
46,0.064862,0,0.5,2025-05-13T11:42:07
47,0.039543,0,0.5,2025-05-13T11:42:07
48,0.856674,1,0.5,2025-05-13T11:42:07
49,0.419836,0,0.5,2025-05-13T11:42:07
50,0.079873,0,0.5,2025-05-13T11:42:07
51,0.023953,0,0.5,2025-05-13T11:42:07
52,0.885488,1,0.5,2025-05-13T11:42:07
53,0.777198,1,0.5,2025-05-13T11:42:07
54,0.710847,1,0.5,2025-05-13T11:42:07
55,0.829904,1,0.5,2025-05-13T11:42:07
56,0.661125,1,0.5,2025-05-13T11:42:07
57,0.829207,1,0.5,2025-05-13T11:42:07
58,0.083501,0,0.5,2025-05-13T11:42:07
59,0.234502,0,0.5,2025-05-13T11:42:07
60,0.836096,1,0.5,2025-05-13T11:42:07
61,0.581288,1,0.5,2025-05-13T11:42:07
62,0.859104,1,0.5,2025-05-13T11:42:07
63,0.728613,1,0.5,2025-05-13T11:42:07
64,0.932402,1,0.5,2025-05-13T11:42:07
65,0.55741,1,0.5,2025-05-13T11:42:07
66,0.783866,1,0.5,2025-05-13T11:42:07
67,0.204265,0,0.5,2025-05-13T11:42:07
68,0.338788,0,0.5,2025-05-13T11:42:07
69,0.324233,0,0.5,2025-05-13T11:42:07
70,0.014944,0,0.5,2025-05-13T11:42:07
71,0.015345,0,0.5,2025-05-13T11:42:07
72,0.832463,1,0.5,2025-05-13T11:42:07
73,0.320644,0,0.5,2025-05-13T11:42:07
74,0.096375,0,0.5,2025-05-13T11:42:07
75,0.041053,0,0.5,2025-05-13T11:42:07
76,0.068398,0,0.5,2025-05-13T11:42:07
77,0.798181,1,0.5,2025-05-13T11:42:07
78,0.580777,1,0.5,2025-05-13T11:42:07
79,0.671644,1,0.5,2025-05-13T11:42:07
80,0.713679,1,0.5,2025-05-13T11:42:07
81,0.235075,0,0.5,2025-05-13T11:42:07
82,0.718732,1,0.5,2025-05-13T11:42:07
83,0.164344,0,0.5,2025-05-13T11:42:07
84,0.625244,1,0.5,2025-05-13T11:42:07
85,0.111749,0,0.5,2025-05-13T11:42:07
86,0.696805,1,0.5,2025-05-13T11:42:07
87,0.798617,1,0.5,2025-05-13T11:42:07
88,0.388447,0,0.5,2025-05-13T11:42:07
89,0.938795,1,0.5,2025-05-13T11:42:07
90,0.068031,0,0.5,2025-05-13T11:42:07
91,0.923656,1,0.5,2025-05-13T11:42:07
92,0.323906,0,0.5,2025-05-13T11:42:07
93,0.041578,0,0.5,2025-05-13T11:42:07
94,0.144266,0,0.5,2025-05-13T11:42:07
95,0.893937,1,0.5,2025-05-13T11:42:07
96,0.199409,0,0.5,2025-05-13T11:42:07
97,0.096348,0,0.5,2025-05-13T11:42:07
98,0.344863,0,0.5,2025-05-13T11:42:07
99,0.675241,1,0.5,2025-05-13T11:42:07
100,0.575421,1,0.5,2025-05-13T11:42:07
101,0.681217,1,0.5,2025-05-13T11:42:07
102,0.214492,0,0.5,2025-05-13T11:42:07
103,0.739416,1,0.5,2025-05-13T11:42:07
104,0.635934,1,0.5,2025-05-13T11:42:07
105,0.857829,1,0.5,2025-05-13T11:42:07
106,0.057433,0,0.5,2025-05-13T11:42:07
107,0.491054,0,0.5,2025-05-13T11:42:07
108,0.188661,0,0.5,2025-05-13T11:42:07
109,0.5856,1,0.5,2025-05-13T11:42:07
110,0.756049,1,0.5,2025-05-13T11:42:07
111,0.026595,0,0.5,2025-05-13T11:42:07
112,0.184011,0,0.5,2025-05-13T11:42:07
113,0.552744,1,0.5,2025-05-13T11:42:07
114,0.047031,0,0.5,2025-05-13T11:42:07
115,0.817467,1,0.5,2025-05-13T11:42:07
116,0.836681,1,0.5,2025-05-13T11:42:07
117,0.758279,1,0.5,2025-05-13T11:42:07
118,0.105831,0,0.5,2025-05-13T11:42:07
119,0.735708,1,0.5,2025-05-13T11:42:07
120,0.881607,1,0.5,2025-05-13T11:42:07
121,0.737155,1,0.5,2025-05-13T11:42:07
122,0.031097,0,0.5,2025-05-13T11:42:07
123,0.239916,0,0.5,2025-05-13T11:42:07
124,0.141225,0,0.5,2025-05-13T11:42:07
125,0.785801,1,0.5,2025-05-13T11:42:07
126,0.1186,0,0.5,2025-05-13T11:42:07
127,0.233461,0,0.5,2025-05-13T11:42:07
128,0.212455,0,0.5,2025-05-13T11:42:07
129,0.733299,1,0.5,2025-05-13T11:42:07
130,0.021436,0,0.5,2025-05-13T11:42:07
131,0.784667,1,0.5,2025-05-13T11:42:07
132,0.809142,1,0.5,2025-05-13T11:42:07
133,0.1229,0,0.5,2025-05-13T11:42:07
134,0.693707,1,0.5,2025-05-13T11:42:07
135,0.034878,0,0.5,2025-05-13T11:42:07
136,0.754274,1,0.5,2025-05-13T11:42:07
137,0.552236,1,0.5,2025-05-13T11:42:07
138,0.718154,1,0.5,2025-05-13T11:42:07
139,0.172891,0,0.5,2025-05-13T11:42:07
140,0.904167,1,0.5,2025-05-13T11:42:07
141,0.691032,1,0.5,2025-05-13T11:42:07
142,0.584154,1,0.5,2025-05-13T11:42:07
143,0.783615,1,0.5,2025-05-13T11:42:07
144,0.929987,1,0.5,2025-05-13T11:42:07
145,0.059231,0,0.5,2025-05-13T11:42:07
146,0.206,0,0.5,2025-05-13T11:42:07
147,0.721813,1,0.5,2025-05-13T11:42:07
148,0.148176,0,0.5,2025-05-13T11:42:07
149,0.12676,0,0.5,2025-05-13T11:42:07
150,0.872108,1,0.5,2025-05-13T11:42:07
151,0.832044,1,0.5,2025-05-13T11:42:07
152,0.117683,0,0.5,2025-05-13T11:42:07
153,0.766158,1,0.5,2025-05-13T11:42:07
154,0.144011,0,0.5,2025-05-13T11:42:07
155,0.786042,1,0.5,2025-05-13T11:42:07
156,0.080294,0,0.5,2025-05-13T11:42:07
157,0.747519,1,0.5,2025-05-13T11:42:07
158,0.592833,1,0.5,2025-05-13T11:42:07
159,0.634035,1,0.5,2025-05-13T11:42:07
160,0.085703,0,0.5,2025-05-13T11:42:07
161,0.891776,1,0.5,2025-05-13T11:42:07
162,0.424058,0,0.5,2025-05-13T11:42:07
163,0.198924,0,0.5,2025-05-13T11:42:07
164,0.803608,1,0.5,2025-05-13T11:42:07
165,0.253881,0,0.5,2025-05-13T11:42:07
166,0.617711,1,0.5,2025-05-13T11:42:07
167,0.767482,1,0.5,2025-05-13T11:42:07
168,0.014762,0,0.5,2025-05-13T11:42:07
169,0.861312,1,0.5,2025-05-13T11:42:07
170,0.137402,0,0.5,2025-05-13T11:42:07
171,0.792357,1,0.5,2025-05-13T11:42:07
172,0.108756,0,0.5,2025-05-13T11:42:07
173,0.833843,1,0.5,2025-05-13T11:42:07
174,0.056594,0,0.5,2025-05-13T11:42:07
175,0.284894,0,0.5,2025-05-13T11:42:07
176,0.064335,0,0.5,2025-05-13T11:42:07
177,0.640683,1,0.5,2025-05-13T11:42:07
178,0.849578,1,0.5,2025-05-13T11:42:07
179,0.727774,1,0.5,2025-05-13T11:42:07
180,0.759908,1,0.5,2025-05-13T11:42:07
181,0.825882,1,0.5,2025-05-13T11:42:07
182,0.829297,1,0.5,2025-05-13T11:42:07
183,0.310103,0,0.5,2025-05-13T11:42:07
184,0.760684,1,0.5,2025-05-13T11:42:07
185,0.757481,1,0.5,2025-05-13T11:42:07
186,0.144375,0,0.5,2025-05-13T11:42:07
187,0.104653,0,0.5,2025-05-13T11:42:07
188,0.856103,1,0.5,2025-05-13T11:42:07
189,0.182541,0,0.5,2025-05-13T11:42:07
190,0.737694,1,0.5,2025-05-13T11:42:07
191,0.009028,0,0.5,2025-05-13T11:42:07
192,0.065158,0,0.5,2025-05-13T11:42:07
193,0.712815,1,0.5,2025-05-13T11:42:07
194,0.171866,0,0.5,2025-05-13T11:42:07
195,0.107098,0,0.5,2025-05-13T11:42:07
196,0.800576,1,0.5,2025-05-13T11:42:07
197,0.813057,1,0.5,2025-05-13T11:42:07
198,0.218187,0,0.5,2025-05-13T11:42:07
199,0.032848,0,0.5,2025-05-13T11:42:07
200,0.740571,1,0.5,2025-05-13T11:42:07
201,0.544658,1,0.5,2025-05-13T11:42:07
202,0.655164,1,0.5,2025-05-13T11:42:07
203,0.246922,0,0.5,2025-05-13T11:42:07
204,0.19841,0,0.5,2025-05-13T11:42:07
205,0.120442,0,0.5,2025-05-13T11:42:07
206,0.006924,0,0.5,2025-05-13T11:42:07
207,0.660268,1,0.5,2025-05-13T11:42:07
208,0.131808,0,0.5,2025-05-13T11:42:07
209,0.77895,1,0.5,2025-05-13T11:42:07
210,0.708686,1,0.5,2025-05-13T11:42:07
211,0.85193,1,0.5,2025-05-13T11:42:07
212,0.030562,0,0.5,2025-05-13T11:42:07
213,0.750642,1,0.5,2025-05-13T11:42:07
214,0.800921,1,0.5,2025-05-13T11:42:07
215,0.870842,1,0.5,2025-05-13T11:42:07
216,0.383349,0,0.5,2025-05-13T11:42:07
217,0.191672,0,0.5,2025-05-13T11:42:07
218,0.877509,1,0.5,2025-05-13T11:42:07
219,0.245648,0,0.5,2025-05-13T11:42:07
220,0.197057,0,0.5,2025-05-13T11:42:07
221,0.790674,1,0.5,2025-05-13T11:42:07
222,0.755984,1,0.5,2025-05-13T11:42:07
223,0.753111,1,0.5,2025-05-13T11:42:07
224,0.371123,0,0.5,2025-05-13T11:42:07
225,0.748497,1,0.5,2025-05-13T11:42:07
226,0.045008,0,0.5,2025-05-13T11:42:07
227,0.698804,1,0.5,2025-05-13T11:42:07
228,0.84233,1,0.5,2025-05-13T11:42:07
229,0.24778,0,0.5,2025-05-13T11:42:07
230,0.29205,0,0.5,2025-05-13T11:42:07
231,0.134759,0,0.5,2025-05-13T11:42:07
232,0.928174,1,0.5,2025-05-13T11:42:07
233,0.806232,1,0.5,2025-05-13T11:42:07
234,0.641196,1,0.5,2025-05-13T11:42:07
235,0.865936,1,0.5,2025-05-13T11:42:07
236,0.685473,1,0.5,2025-05-13T11:42:07
237,0.816601,1,0.5,2025-05-13T11:42:07
238,0.363647,0,0.5,2025-05-13T11:42:07
239,0.126228,0,0.5,2025-05-13T11:42:07
240,0.703115,1,0.5,2025-05-13T11:42:07
241,0.718863,1,0.5,2025-05-13T11:42:07
242,0.063225,0,0.5,2025-05-13T11:42:07
243,0.792131,1,0.5,2025-05-13T11:42:07
244,0.770103,1,0.5,2025-05-13T11:42:07
245,0.73789,1,0.5,2025-05-13T11:42:07
246,0.806754,1,0.5,2025-05-13T11:42:07
247,0.261667,0,0.5,2025-05-13T11:42:07
248,0.040819,0,0.5,2025-05-13T11:42:07
249,0.064123,0,0.5,2025-05-13T11:42:07
250,0.829004,1,0.5,2025-05-13T11:42:07
251,0.854474,1,0.5,2025-05-13T11:42:07
252,0.929443,1,0.5,2025-05-13T11:42:07
253,0.216392,0,0.5,2025-05-13T11:42:07
254,0.197544,0,0.5,2025-05-13T11:42:07
255,0.629685,1,0.5,2025-05-13T11:42:07
256,0.870125,1,0.5,2025-05-13T11:42:07
257,0.027888,0,0.5,2025-05-13T11:42:07
258,0.149833,0,0.5,2025-05-13T11:42:07
259,0.885755,1,0.5,2025-05-13T11:42:07
260,0.109535,0,0.5,2025-05-13T11:42:07
261,0.794592,1,0.5,2025-05-13T11:42:07
262,0.067795,0,0.5,2025-05-13T11:42:07
263,0.053714,0,0.5,2025-05-13T11:42:07
264,0.731322,1,0.5,2025-05-13T11:42:07
265,0.12989,0,0.5,2025-05-13T11:42:07
266,0.249575,0,0.5,2025-05-13T11:42:07
267,0.068147,0,0.5,2025-05-13T11:42:07
268,0.175027,0,0.5,2025-05-13T11:42:07
269,0.124383,0,0.5,2025-05-13T11:42:07
270,0.145074,0,0.5,2025-05-13T11:42:07
271,0.056392,0,0.5,2025-05-13T11:42:07
272,0.09325,0,0.5,2025-05-13T11:42:07
273,0.813002,1,0.5,2025-05-13T11:42:07
274,0.669402,1,0.5,2025-05-13T11:42:07
275,0.13885,0,0.5,2025-05-13T11:42:07
276,0.054902,0,0.5,2025-05-13T11:42:07
277,0.854209,1,0.5,2025-05-13T11:42:07
278,0.902813,1,0.5,2025-05-13T11:42:07
279,0.80189,1,0.5,2025-05-13T11:42:07
280,0.157396,0,0.5,2025-05-13T11:42:07
281,0.596184,1,0.5,2025-05-13T11:42:07
282,0.01553,0,0.5,2025-05-13T11:42:07
283,0.334975,0,0.5,2025-05-13T11:42:07
284,0.791509,1,0.5,2025-05-13T11:42:07
285,0.121771,0,0.5,2025-05-13T11:42:07
286,0.078585,0,0.5,2025-05-13T11:42:07
287,0.299488,0,0.5,2025-05-13T11:42:07
288,0.666552,1,0.5,2025-05-13T11:42:07
289,0.366839,0,0.5,2025-05-13T11:42:07
290,0.902929,1,0.5,2025-05-13T11:42:07
291,0.138354,0,0.5,2025-05-13T11:42:07
292,0.789954,1,0.5,2025-05-13T11:42:07
293,0.376056,0,0.5,2025-05-13T11:42:07
294,0.855782,1,0.5,2025-05-13T11:42:07
295,0.749367,1,0.5,2025-05-13T11:42:07
296,0.760274,1,0.5,2025-05-13T11:42:07
297,0.836511,1,0.5,2025-05-13T11:42:07
298,0.88018,1,0.5,2025-05-13T11:42:07
299,0.918467,1,0.5,2025-05-13T11:42:07
300,0.625069,1,0.5,2025-05-13T11:42:07
301,0.002729,0,0.5,2025-05-13T11:42:07
302,0.713676,1,0.5,2025-05-13T11:42:07
303,0.871108,1,0.5,2025-05-13T11:42:07
304,0.866559,1,0.5,2025-05-13T11:42:07
305,0.783034,1,0.5,2025-05-13T11:42:07
306,0.237995,0,0.5,2025-05-13T11:42:07
307,0.826763,1,0.5,2025-05-13T11:42:07
308,0.129997,0,0.5,2025-05-13T11:42:07
309,0.14545,0,0.5,2025-05-13T11:42:07
310,0.891681,1,0.5,2025-05-13T11:42:07
311,0.100903,0,0.5,2025-05-13T11:42:07
312,0.238443,0,0.5,2025-05-13T11:42:07
313,0.269002,0,0.5,2025-05-13T11:42:07
314,0.053306,0,0.5,2025-05-13T11:42:07
315,0.12972,0,0.5,2025-05-13T11:42:07
316,0.007102,0,0.5,2025-05-13T11:42:07
317,0.885544,1,0.5,2025-05-13T11:42:07
318,0.187316,0,0.5,2025-05-13T11:42:07
319,0.688289,1,0.5,2025-05-13T11:42:07
320,0.65358,1,0.5,2025-05-13T11:42:07
321,0.778768,1,0.5,2025-05-13T11:42:07
322,0.275539,0,0.5,2025-05-13T11:42:07
323,0.874761,1,0.5,2025-05-13T11:42:07
324,0.770915,1,0.5,2025-05-13T11:42:07
325,0.726873,1,0.5,2025-05-13T11:42:07
326,0.710428,1,0.5,2025-05-13T11:42:07
327,0.882233,1,0.5,2025-05-13T11:42:07
328,0.791286,1,0.5,2025-05-13T11:42:07
329,0.148932,0,0.5,2025-05-13T11:42:07
330,0.817077,1,0.5,2025-05-13T11:42:07
331,0.013104,0,0.5,2025-05-13T11:42:07
332,0.830941,1,0.5,2025-05-13T11:42:07
333,0.775473,1,0.5,2025-05-13T11:42:07
334,0.084548,0,0.5,2025-05-13T11:42:07
335,0.710528,1,0.5,2025-05-13T11:42:07
336,0.350666,0,0.5,2025-05-13T11:42:07
337,0.856941,1,0.5,2025-05-13T11:42:07
338,0.328024,0,0.5,2025-05-13T11:42:07
339,0.881514,1,0.5,2025-05-13T11:42:07
340,0.321634,0,0.5,2025-05-13T11:42:07
341,0.776089,1,0.5,2025-05-13T11:42:07
342,0.880233,1,0.5,2025-05-13T11:42:07
343,0.828794,1,0.5,2025-05-13T11:42:07
344,0.802912,1,0.5,2025-05-13T11:42:07
345,0.808395,1,0.5,2025-05-13T11:42:07
346,0.745912,1,0.5,2025-05-13T11:42:07
347,0.219707,0,0.5,2025-05-13T11:42:07
348,0.800008,1,0.5,2025-05-13T11:42:07
349,0.035479,0,0.5,2025-05-13T11:42:07
350,0.756066,1,0.5,2025-05-13T11:42:07
351,0.239799,0,0.5,2025-05-13T11:42:07
352,0.79928,1,0.5,2025-05-13T11:42:07
353,0.82574,1,0.5,2025-05-13T11:42:07
354,0.736652,1,0.5,2025-05-13T11:42:07
355,0.722446,1,0.5,2025-05-13T11:42:07
356,0.782382,1,0.5,2025-05-13T11:42:07
357,0.80557,1,0.5,2025-05-13T11:42:07
358,0.848597,1,0.5,2025-05-13T11:42:07
359,0.810307,1,0.5,2025-05-13T11:42:07
360,0.861321,1,0.5,2025-05-13T11:42:07
361,0.261523,0,0.5,2025-05-13T11:42:07
362,0.070713,0,0.5,2025-05-13T11:42:07
363,0.145012,0,0.5,2025-05-13T11:42:07
364,0.720446,1,0.5,2025-05-13T11:42:07
365,0.062773,0,0.5,2025-05-13T11:42:07
366,0.659039,1,0.5,2025-05-13T11:42:07
367,0.776573,1,0.5,2025-05-13T11:42:07
368,0.152211,0,0.5,2025-05-13T11:42:07
369,0.873849,1,0.5,2025-05-13T11:42:07
370,0.872233,1,0.5,2025-05-13T11:42:07
371,0.046325,0,0.5,2025-05-13T11:42:07
372,0.195751,0,0.5,2025-05-13T11:42:07
373,0.072707,0,0.5,2025-05-13T11:42:07
374,0.317715,0,0.5,2025-05-13T11:42:07
375,0.433574,0,0.5,2025-05-13T11:42:07
376,0.880465,1,0.5,2025-05-13T11:42:07
377,0.196645,0,0.5,2025-05-13T11:42:07
378,0.235226,0,0.5,2025-05-13T11:42:07
379,0.863465,1,0.5,2025-05-13T11:42:07
380,0.802348,1,0.5,2025-05-13T11:42:07
381,0.843949,1,0.5,2025-05-13T11:42:07
382,0.737607,1,0.5,2025-05-13T11:42:07
383,0.920699,1,0.5,2025-05-13T11:42:07
384,0.179515,0,0.5,2025-05-13T11:42:07
385,0.863205,1,0.5,2025-05-13T11:42:07
386,0.895316,1,0.5,2025-05-13T11:42:07
387,0.878763,1,0.5,2025-05-13T11:42:07
388,0.051827,0,0.5,2025-05-13T11:42:07
389,0.767337,1,0.5,2025-05-13T11:42:07
390,0.798743,1,0.5,2025-05-13T11:42:07
391,0.321356,0,0.5,2025-05-13T11:42:07
392,0.725261,1,0.5,2025-05-13T11:42:07
393,0.849529,1,0.5,2025-05-13T11:42:07
394,0.07956,0,0.5,2025-05-13T11:42:07
395,0.627626,1,0.5,2025-05-13T11:42:07
396,0.749241,1,0.5,2025-05-13T11:42:07
397,0.072625,0,0.5,2025-05-13T11:42:07
398,0.654144,1,0.5,2025-05-13T11:42:07
399,0.114386,0,0.5,2025-05-13T11:42:07
400,0.15775,0,0.5,2025-05-13T11:42:07
401,0.791912,1,0.5,2025-05-13T11:42:07
402,0.788362,1,0.5,2025-05-13T11:42:07
403,0.167292,0,0.5,2025-05-13T11:42:07
404,0.903851,1,0.5,2025-05-13T11:42:07
405,0.824808,1,0.5,2025-05-13T11:42:07
406,0.052253,0,0.5,2025-05-13T11:42:07
407,0.736704,1,0.5,2025-05-13T11:42:07
408,0.084761,0,0.5,2025-05-13T11:42:07
409,0.728535,1,0.5,2025-05-13T11:42:07
410,0.890634,1,0.5,2025-05-13T11:42:07
411,0.840742,1,0.5,2025-05-13T11:42:07
412,0.211468,0,0.5,2025-05-13T11:42:07
413,0.876106,1,0.5,2025-05-13T11:42:07
414,0.101074,0,0.5,2025-05-13T11:42:07
415,0.054411,0,0.5,2025-05-13T11:42:07
416,0.100159,0,0.5,2025-05-13T11:42:07
417,0.699749,1,0.5,2025-05-13T11:42:07
418,0.351072,0,0.5,2025-05-13T11:42:07
419,0.754954,1,0.5,2025-05-13T11:42:07
420,0.776015,1,0.5,2025-05-13T11:42:07
421,0.212143,0,0.5,2025-05-13T11:42:07
422,0.13125,0,0.5,2025-05-13T11:42:07
423,0.013908,0,0.5,2025-05-13T11:42:07
424,0.719011,1,0.5,2025-05-13T11:42:07
425,0.838591,1,0.5,2025-05-13T11:42:07
426,0.053921,0,0.5,2025-05-13T11:42:07
427,0.73505,1,0.5,2025-05-13T11:42:07
428,0.050717,0,0.5,2025-05-13T11:42:07
429,0.902855,1,0.5,2025-05-13T11:42:07
430,0.847618,1,0.5,2025-05-13T11:42:07
431,0.761295,1,0.5,2025-05-13T11:42:07
432,0.823051,1,0.5,2025-05-13T11:42:07
433,0.88016,1,0.5,2025-05-13T11:42:07
434,0.269476,0,0.5,2025-05-13T11:42:07
435,0.032093,0,0.5,2025-05-13T11:42:07
436,0.097711,0,0.5,2025-05-13T11:42:07
437,0.835498,1,0.5,2025-05-13T11:42:07
438,0.903535,1,0.5,2025-05-13T11:42:07
439,0.7412,1,0.5,2025-05-13T11:42:07
440,0.86379,1,0.5,2025-05-13T11:42:07
441,0.049973,0,0.5,2025-05-13T11:42:07
442,0.810844,1,0.5,2025-05-13T11:42:07
443,0.220641,0,0.5,2025-05-13T11:42:07
444,0.056356,0,0.5,2025-05-13T11:42:07
445,0.742257,1,0.5,2025-05-13T11:42:07
446,0.644879,1,0.5,2025-05-13T11:42:07
447,0.830961,1,0.5,2025-05-13T11:42:07
448,0.092098,0,0.5,2025-05-13T11:42:07
449,0.765585,1,0.5,2025-05-13T11:42:07
450,0.242393,0,0.5,2025-05-13T11:42:07
451,0.866446,1,0.5,2025-05-13T11:42:07
452,0.826577,1,0.5,2025-05-13T11:42:07
453,0.176825,0,0.5,2025-05-13T11:42:07
454,0.159106,0,0.5,2025-05-13T11:42:07
455,0.08659,0,0.5,2025-05-13T11:42:07
456,0.824859,1,0.5,2025-05-13T11:42:07
457,0.763505,1,0.5,2025-05-13T11:42:07
458,0.731155,1,0.5,2025-05-13T11:42:07
459,0.804372,1,0.5,2025-05-13T11:42:07
460,0.771171,1,0.5,2025-05-13T11:42:07
461,0.002412,0,0.5,2025-05-13T11:42:07
462,0.882305,1,0.5,2025-05-13T11:42:07
463,0.191596,0,0.5,2025-05-13T11:42:07
464,0.859547,1,0.5,2025-05-13T11:42:07
465,0.554875,1,0.5,2025-05-13T11:42:07
466,0.852266,1,0.5,2025-05-13T11:42:07
467,0.774231,1,0.5,2025-05-13T11:42:07
468,0.313029,0,0.5,2025-05-13T11:42:07
469,0.605991,1,0.5,2025-05-13T11:42:07
470,0.22805,0,0.5,2025-05-13T11:42:07
471,0.783539,1,0.5,2025-05-13T11:42:07
472,0.183448,0,0.5,2025-05-13T11:42:07
473,0.029837,0,0.5,2025-05-13T11:42:07
474,0.088916,0,0.5,2025-05-13T11:42:07
475,0.315886,0,0.5,2025-05-13T11:42:07
476,0.124113,0,0.5,2025-05-13T11:42:07
477,0.697663,1,0.5,2025-05-13T11:42:07
478,0.826311,1,0.5,2025-05-13T11:42:07
479,0.019293,0,0.5,2025-05-13T11:42:07
480,0.240537,0,0.5,2025-05-13T11:42:07
481,0.194572,0,0.5,2025-05-13T11:42:07
482,0.846541,1,0.5,2025-05-13T11:42:07
483,0.079598,0,0.5,2025-05-13T11:42:07
484,0.025106,0,0.5,2025-05-13T11:42:07
485,0.215962,0,0.5,2025-05-13T11:42:07
486,0.655136,1,0.5,2025-05-13T11:42:07
487,0.056314,0,0.5,2025-05-13T11:42:07
488,0.904988,1,0.5,2025-05-13T11:42:07
489,0.654798,1,0.5,2025-05-13T11:42:07
490,0.921897,1,0.5,2025-05-13T11:42:07
491,0.711739,1,0.5,2025-05-13T11:42:07
492,0.781066,1,0.5,2025-05-13T11:42:07
493,0.140428,0,0.5,2025-05-13T11:42:07
494,0.853976,1,0.5,2025-05-13T11:42:07
495,0.839866,1,0.5,2025-05-13T11:42:07
496,0.180708,0,0.5,2025-05-13T11:42:07
497,0.882608,1,0.5,2025-05-13T11:42:07
498,0.146205,0,0.5,2025-05-13T11:42:07
499,0.848859,1,0.5,2025-05-13T11:42:07
500,0.782625,1,0.5,2025-05-13T11:42:07
501,0.810399,1,0.5,2025-05-13T11:42:07
502,0.75051,1,0.5,2025-05-13T11:42:07
503,0.709905,1,0.5,2025-05-13T11:42:07
504,0.654433,1,0.5,2025-05-13T11:42:07
505,0.763275,1,0.5,2025-05-13T11:42:07
506,0.093328,0,0.5,2025-05-13T11:42:07
507,0.866838,1,0.5,2025-05-13T11:42:07
508,0.868076,1,0.5,2025-05-13T11:42:07
509,0.131371,0,0.5,2025-05-13T11:42:07
510,0.040737,0,0.5,2025-05-13T11:42:07
511,0.73486,1,0.5,2025-05-13T11:42:07
512,0.176632,0,0.5,2025-05-13T11:42:07
513,0.129348,0,0.5,2025-05-13T11:42:07
514,0.174696,0,0.5,2025-05-13T11:42:07
515,0.213083,0,0.5,2025-05-13T11:42:07
516,0.110325,0,0.5,2025-05-13T11:42:07
517,0.643712,1,0.5,2025-05-13T11:42:07
518,0.501944,1,0.5,2025-05-13T11:42:07
519,0.853387,1,0.5,2025-05-13T11:42:07
520,0.724886,1,0.5,2025-05-13T11:42:07
521,0.152511,0,0.5,2025-05-13T11:42:07
522,0.133108,0,0.5,2025-05-13T11:42:07
523,0.627435,1,0.5,2025-05-13T11:42:07
524,0.205797,0,0.5,2025-05-13T11:42:07
525,0.029532,0,0.5,2025-05-13T11:42:07
526,0.824069,1,0.5,2025-05-13T11:42:07
527,0.824345,1,0.5,2025-05-13T11:42:07
528,0.871812,1,0.5,2025-05-13T11:42:07
529,0.037155,0,0.5,2025-05-13T11:42:07
530,0.821678,1,0.5,2025-05-13T11:42:07
531,0.692816,1,0.5,2025-05-13T11:42:07
532,0.12728,0,0.5,2025-05-13T11:42:07
533,0.643854,1,0.5,2025-05-13T11:42:07
534,0.088525,0,0.5,2025-05-13T11:42:07
535,0.081915,0,0.5,2025-05-13T11:42:07
536,0.605295,1,0.5,2025-05-13T11:42:07
537,0.218639,0,0.5,2025-05-13T11:42:07
538,0.258917,0,0.5,2025-05-13T11:42:07
539,0.607021,1,0.5,2025-05-13T11:42:07
540,0.734508,1,0.5,2025-05-13T11:42:07
541,0.77062,1,0.5,2025-05-13T11:42:07
542,0.665738,1,0.5,2025-05-13T11:42:07
543,0.858819,1,0.5,2025-05-13T11:42:07
544,0.145296,0,0.5,2025-05-13T11:42:07
545,0.027501,0,0.5,2025-05-13T11:42:07
546,0.094961,0,0.5,2025-05-13T11:42:07
547,0.106828,0,0.5,2025-05-13T11:42:07
548,0.704685,1,0.5,2025-05-13T11:42:07
549,0.307706,0,0.5,2025-05-13T11:42:07
550,0.54974,1,0.5,2025-05-13T11:42:07
551,0.112879,0,0.5,2025-05-13T11:42:07
552,0.091712,0,0.5,2025-05-13T11:42:07
553,0.918024,1,0.5,2025-05-13T11:42:07
554,0.229394,0,0.5,2025-05-13T11:42:07
555,0.347984,0,0.5,2025-05-13T11:42:07
556,0.138234,0,0.5,2025-05-13T11:42:07
557,0.667064,1,0.5,2025-05-13T11:42:07
558,0.866349,1,0.5,2025-05-13T11:42:07
559,0.80841,1,0.5,2025-05-13T11:42:07
560,0.244502,0,0.5,2025-05-13T11:42:07
561,0.200106,0,0.5,2025-05-13T11:42:07
562,0.72851,1,0.5,2025-05-13T11:42:07
563,0.728717,1,0.5,2025-05-13T11:42:07
564,0.619642,1,0.5,2025-05-13T11:42:07
565,0.93413,1,0.5,2025-05-13T11:42:07
566,0.690783,1,0.5,2025-05-13T11:42:07
567,0.088952,0,0.5,2025-05-13T11:42:07
568,0.014192,0,0.5,2025-05-13T11:42:07
569,0.629414,1,0.5,2025-05-13T11:42:07
570,0.202343,0,0.5,2025-05-13T11:42:07
571,0.882329,1,0.5,2025-05-13T11:42:07
572,0.776215,1,0.5,2025-05-13T11:42:07
573,0.690905,1,0.5,2025-05-13T11:42:07
574,0.841098,1,0.5,2025-05-13T11:42:07
575,0.874338,1,0.5,2025-05-13T11:42:07
576,0.691418,1,0.5,2025-05-13T11:42:07
577,0.743132,1,0.5,2025-05-13T11:42:07
578,0.840235,1,0.5,2025-05-13T11:42:07
579,0.125311,0,0.5,2025-05-13T11:42:07
580,0.814801,1,0.5,2025-05-13T11:42:07
581,0.882861,1,0.5,2025-05-13T11:42:07
582,0.108692,0,0.5,2025-05-13T11:42:07
583,0.220093,0,0.5,2025-05-13T11:42:07
584,0.492162,0,0.5,2025-05-13T11:42:07
585,0.909873,1,0.5,2025-05-13T11:42:07
586,0.051826,0,0.5,2025-05-13T11:42:07
587,0.208059,0,0.5,2025-05-13T11:42:07
588,0.138605,0,0.5,2025-05-13T11:42:07
589,0.096475,0,0.5,2025-05-13T11:42:07
590,0.899328,1,0.5,2025-05-13T11:42:07
591,0.152583,0,0.5,2025-05-13T11:42:07
592,0.079323,0,0.5,2025-05-13T11:42:07
593,0.765562,1,0.5,2025-05-13T11:42:07
594,0.300356,0,0.5,2025-05-13T11:42:07
595,0.142557,0,0.5,2025-05-13T11:42:07
596,0.656501,1,0.5,2025-05-13T11:42:07
597,0.835619,1,0.5,2025-05-13T11:42:07
598,0.825164,1,0.5,2025-05-13T11:42:07
599,0.589932,1,0.5,2025-05-13T11:42:07
600,0.847706,1,0.5,2025-05-13T11:42:07
601,0.729474,1,0.5,2025-05-13T11:42:07
602,0.812072,1,0.5,2025-05-13T11:42:07
603,0.639034,1,0.5,2025-05-13T11:42:07
604,0.607053,1,0.5,2025-05-13T11:42:07
605,0.779886,1,0.5,2025-05-13T11:42:07
606,0.658207,1,0.5,2025-05-13T11:42:07
607,0.271187,0,0.5,2025-05-13T11:42:07
608,0.713225,1,0.5,2025-05-13T11:42:07
609,0.158342,0,0.5,2025-05-13T11:42:07
610,0.578198,1,0.5,2025-05-13T11:42:07
611,0.898859,1,0.5,2025-05-13T11:42:07
612,0.860565,1,0.5,2025-05-13T11:42:07
613,0.694788,1,0.5,2025-05-13T11:42:07
614,0.046485,0,0.5,2025-05-13T11:42:07
615,0.717091,1,0.5,2025-05-13T11:42:07
616,0.758793,1,0.5,2025-05-13T11:42:07
617,0.195143,0,0.5,2025-05-13T11:42:07
618,0.158827,0,0.5,2025-05-13T11:42:07
619,0.064754,0,0.5,2025-05-13T11:42:07
620,0.806469,1,0.5,2025-05-13T11:42:07
621,0.687402,1,0.5,2025-05-13T11:42:07
622,0.754036,1,0.5,2025-05-13T11:42:07
623,0.91687,1,0.5,2025-05-13T11:42:07
624,0.62934,1,0.5,2025-05-13T11:42:07
625,0.153027,0,0.5,2025-05-13T11:42:07
626,0.666101,1,0.5,2025-05-13T11:42:07
627,0.233521,0,0.5,2025-05-13T11:42:07
628,0.687688,1,0.5,2025-05-13T11:42:07
629,0.723927,1,0.5,2025-05-13T11:42:07
630,0.725925,1,0.5,2025-05-13T11:42:07
631,0.605336,1,0.5,2025-05-13T11:42:07
632,0.050667,0,0.5,2025-05-13T11:42:07
633,0.260014,0,0.5,2025-05-13T11:42:07
634,0.321338,0,0.5,2025-05-13T11:42:07
635,0.074537,0,0.5,2025-05-13T11:42:07
636,0.743141,1,0.5,2025-05-13T11:42:07
637,0.801655,1,0.5,2025-05-13T11:42:07
638,0.685847,1,0.5,2025-05-13T11:42:07
639,0.724609,1,0.5,2025-05-13T11:42:07
640,0.917554,1,0.5,2025-05-13T11:42:07
641,0.825313,1,0.5,2025-05-13T11:42:07
642,0.421542,0,0.5,2025-05-13T11:42:07
643,0.402392,0,0.5,2025-05-13T11:42:07
644,0.826614,1,0.5,2025-05-13T11:42:07
645,0.83353,1,0.5,2025-05-13T11:42:07
646,0.197092,0,0.5,2025-05-13T11:42:07
647,0.870118,1,0.5,2025-05-13T11:42:07
648,0.805726,1,0.5,2025-05-13T11:42:07
649,0.030301,0,0.5,2025-05-13T11:42:07
650,0.125313,0,0.5,2025-05-13T11:42:07
651,0.843886,1,0.5,2025-05-13T11:42:07
652,0.828302,1,0.5,2025-05-13T11:42:07
653,0.224985,0,0.5,2025-05-13T11:42:07
654,0.897817,1,0.5,2025-05-13T11:42:07
655,0.308589,0,0.5,2025-05-13T11:42:07
656,0.756461,1,0.5,2025-05-13T11:42:07
657,0.173539,0,0.5,2025-05-13T11:42:07
658,0.702015,1,0.5,2025-05-13T11:42:07
659,0.089977,0,0.5,2025-05-13T11:42:07
660,0.084386,0,0.5,2025-05-13T11:42:07
661,0.839512,1,0.5,2025-05-13T11:42:07
662,0.168474,0,0.5,2025-05-13T11:42:07
663,0.166454,0,0.5,2025-05-13T11:42:07
664,0.26232,0,0.5,2025-05-13T11:42:07
665,0.789867,1,0.5,2025-05-13T11:42:07
666,0.685198,1,0.5,2025-05-13T11:42:07
667,0.902637,1,0.5,2025-05-13T11:42:07
668,0.052074,0,0.5,2025-05-13T11:42:07
669,0.072318,0,0.5,2025-05-13T11:42:07
670,0.346634,0,0.5,2025-05-13T11:42:07
671,0.600143,1,0.5,2025-05-13T11:42:07
672,0.918322,1,0.5,2025-05-13T11:42:07
673,0.71908,1,0.5,2025-05-13T11:42:07
674,0.851737,1,0.5,2025-05-13T11:42:07
675,0.275983,0,0.5,2025-05-13T11:42:07
676,0.8073,1,0.5,2025-05-13T11:42:07
677,0.870743,1,0.5,2025-05-13T11:42:07
678,0.232955,0,0.5,2025-05-13T11:42:07
679,0.058022,0,0.5,2025-05-13T11:42:07
680,0.097809,0,0.5,2025-05-13T11:42:07
681,0.278929,0,0.5,2025-05-13T11:42:07
682,0.161663,0,0.5,2025-05-13T11:42:07
683,0.886597,1,0.5,2025-05-13T11:42:07
684,0.888653,1,0.5,2025-05-13T11:42:07
685,0.110155,0,0.5,2025-05-13T11:42:07
686,0.092749,0,0.5,2025-05-13T11:42:07
687,0.780614,1,0.5,2025-05-13T11:42:07
688,0.844763,1,0.5,2025-05-13T11:42:07
689,0.717744,1,0.5,2025-05-13T11:42:07
690,0.053064,0,0.5,2025-05-13T11:42:07
691,0.89586,1,0.5,2025-05-13T11:42:07
692,0.161505,0,0.5,2025-05-13T11:42:07
693,0.160925,0,0.5,2025-05-13T11:42:07
694,0.896072,1,0.5,2025-05-13T11:42:07
695,0.783572,1,0.5,2025-05-13T11:42:07
696,0.866881,1,0.5,2025-05-13T11:42:07
697,0.759206,1,0.5,2025-05-13T11:42:07
698,0.823083,1,0.5,2025-05-13T11:42:07
699,0.16649,0,0.5,2025-05-13T11:42:07
700,0.133166,0,0.5,2025-05-13T11:42:07
701,0.083536,0,0.5,2025-05-13T11:42:07
702,0.110124,0,0.5,2025-05-13T11:42:07
703,0.708483,1,0.5,2025-05-13T11:42:07
704,0.117318,0,0.5,2025-05-13T11:42:07
705,0.737843,1,0.5,2025-05-13T11:42:07
706,0.828057,1,0.5,2025-05-13T11:42:07
707,0.907242,1,0.5,2025-05-13T11:42:07
708,0.07881,0,0.5,2025-05-13T11:42:07
709,0.869,1,0.5,2025-05-13T11:42:07
710,0.793977,1,0.5,2025-05-13T11:42:07
711,0.821777,1,0.5,2025-05-13T11:42:07
712,0.895454,1,0.5,2025-05-13T11:42:07
713,0.799369,1,0.5,2025-05-13T11:42:07
714,0.876516,1,0.5,2025-05-13T11:42:07
715,0.134639,0,0.5,2025-05-13T11:42:07
716,0.78098,1,0.5,2025-05-13T11:42:07
717,0.107024,0,0.5,2025-05-13T11:42:07
718,0.686236,1,0.5,2025-05-13T11:42:07
719,0.673385,1,0.5,2025-05-13T11:42:07
720,0.725692,1,0.5,2025-05-13T11:42:07
721,0.048833,0,0.5,2025-05-13T11:42:07
722,0.205726,0,0.5,2025-05-13T11:42:07
723,0.841898,1,0.5,2025-05-13T11:42:07
724,0.019023,0,0.5,2025-05-13T11:42:07
725,0.06377,0,0.5,2025-05-13T11:42:07
726,0.201269,0,0.5,2025-05-13T11:42:07
727,0.12705,0,0.5,2025-05-13T11:42:07
728,0.799618,1,0.5,2025-05-13T11:42:07
729,0.854425,1,0.5,2025-05-13T11:42:07
730,0.152338,0,0.5,2025-05-13T11:42:07
731,0.066359,0,0.5,2025-05-13T11:42:07
732,0.107527,0,0.5,2025-05-13T11:42:07
733,0.133125,0,0.5,2025-05-13T11:42:07
734,0.141398,0,0.5,2025-05-13T11:42:07
735,0.654998,1,0.5,2025-05-13T11:42:07
736,0.094028,0,0.5,2025-05-13T11:42:07
737,0.04027,0,0.5,2025-05-13T11:42:07
738,0.076873,0,0.5,2025-05-13T11:42:07
739,0.028993,0,0.5,2025-05-13T11:42:07
740,0.034008,0,0.5,2025-05-13T11:42:07
741,0.066736,0,0.5,2025-05-13T11:42:07
742,0.856793,1,0.5,2025-05-13T11:42:07
743,0.121836,0,0.5,2025-05-13T11:42:07
744,0.837083,1,0.5,2025-05-13T11:42:07
745,0.78012,1,0.5,2025-05-13T11:42:07
746,0.187082,0,0.5,2025-05-13T11:42:07
747,0.06776,0,0.5,2025-05-13T11:42:07
748,0.854488,1,0.5,2025-05-13T11:42:07
749,0.674069,1,0.5,2025-05-13T11:42:07
750,0.103306,0,0.5,2025-05-13T11:42:07
751,0.066055,0,0.5,2025-05-13T11:42:07
752,0.103312,0,0.5,2025-05-13T11:42:07
753,0.83241,1,0.5,2025-05-13T11:42:07
754,0.791874,1,0.5,2025-05-13T11:42:07
755,0.167519,0,0.5,2025-05-13T11:42:07
756,0.154311,0,0.5,2025-05-13T11:42:07
757,0.755026,1,0.5,2025-05-13T11:42:07
758,0.277562,0,0.5,2025-05-13T11:42:07
759,0.784919,1,0.5,2025-05-13T11:42:07
760,0.855437,1,0.5,2025-05-13T11:42:07
761,0.102985,0,0.5,2025-05-13T11:42:07
762,0.167315,0,0.5,2025-05-13T11:42:07
763,0.080608,0,0.5,2025-05-13T11:42:07
764,0.711758,1,0.5,2025-05-13T11:42:07
765,0.394621,0,0.5,2025-05-13T11:42:07
766,0.125218,0,0.5,2025-05-13T11:42:07
767,0.181545,0,0.5,2025-05-13T11:42:07
768,0.564217,1,0.5,2025-05-13T11:42:07
769,0.880121,1,0.5,2025-05-13T11:42:07
770,0.052169,0,0.5,2025-05-13T11:42:07
771,0.789762,1,0.5,2025-05-13T11:42:07
772,0.897014,1,0.5,2025-05-13T11:42:07
773,0.760911,1,0.5,2025-05-13T11:42:07
774,0.252522,0,0.5,2025-05-13T11:42:07
775,0.722954,1,0.5,2025-05-13T11:42:07
776,0.846917,1,0.5,2025-05-13T11:42:07
777,0.406314,0,0.5,2025-05-13T11:42:07
778,0.856923,1,0.5,2025-05-13T11:42:07
779,0.749816,1,0.5,2025-05-13T11:42:07
780,0.106472,0,0.5,2025-05-13T11:42:07
781,0.684894,1,0.5,2025-05-13T11:42:07
782,0.628799,1,0.5,2025-05-13T11:42:07
783,0.760736,1,0.5,2025-05-13T11:42:07
784,0.858477,1,0.5,2025-05-13T11:42:07
785,0.095897,0,0.5,2025-05-13T11:42:07
786,0.798349,1,0.5,2025-05-13T11:42:07
787,0.615566,1,0.5,2025-05-13T11:42:07
788,0.850099,1,0.5,2025-05-13T11:42:07
789,0.881538,1,0.5,2025-05-13T11:42:07
790,0.270766,0,0.5,2025-05-13T11:42:07
791,0.122631,0,0.5,2025-05-13T11:42:07
792,0.059982,0,0.5,2025-05-13T11:42:07
793,0.146715,0,0.5,2025-05-13T11:42:07
794,0.080916,0,0.5,2025-05-13T11:42:07
795,0.23751,0,0.5,2025-05-13T11:42:07
796,0.009113,0,0.5,2025-05-13T11:42:07
797,0.189919,0,0.5,2025-05-13T11:42:07
798,0.780759,1,0.5,2025-05-13T11:42:07
799,0.729752,1,0.5,2025-05-13T11:42:07
800,0.877717,1,0.5,2025-05-13T11:42:07
801,0.248586,0,0.5,2025-05-13T11:42:07
802,0.779816,1,0.5,2025-05-13T11:42:07
803,0.855344,1,0.5,2025-05-13T11:42:07
804,0.136819,0,0.5,2025-05-13T11:42:07
805,0.055091,0,0.5,2025-05-13T11:42:07
806,0.808784,1,0.5,2025-05-13T11:42:07
807,0.113929,0,0.5,2025-05-13T11:42:07
808,0.87497,1,0.5,2025-05-13T11:42:07
809,0.776506,1,0.5,2025-05-13T11:42:07
810,0.137953,0,0.5,2025-05-13T11:42:07
811,0.269039,0,0.5,2025-05-13T11:42:07
812,0.727559,1,0.5,2025-05-13T11:42:07
813,0.706703,1,0.5,2025-05-13T11:42:07
814,0.119496,0,0.5,2025-05-13T11:42:07
815,0.783838,1,0.5,2025-05-13T11:42:07
816,0.83618,1,0.5,2025-05-13T11:42:07
817,0.850039,1,0.5,2025-05-13T11:42:07
818,0.748268,1,0.5,2025-05-13T11:42:07
819,0.189281,0,0.5,2025-05-13T11:42:07
820,0.196947,0,0.5,2025-05-13T11:42:07
821,0.854791,1,0.5,2025-05-13T11:42:07
822,0.192105,0,0.5,2025-05-13T11:42:07
823,0.676294,1,0.5,2025-05-13T11:42:07
824,0.925881,1,0.5,2025-05-13T11:42:07
825,0.02992,0,0.5,2025-05-13T11:42:07
826,0.706829,1,0.5,2025-05-13T11:42:07
827,0.345434,0,0.5,2025-05-13T11:42:07
828,0.69455,1,0.5,2025-05-13T11:42:07
829,0.017231,0,0.5,2025-05-13T11:42:07
830,0.88338,1,0.5,2025-05-13T11:42:07
831,0.888316,1,0.5,2025-05-13T11:42:07
832,0.158487,0,0.5,2025-05-13T11:42:07
833,0.643223,1,0.5,2025-05-13T11:42:07
834,0.732961,1,0.5,2025-05-13T11:42:07
835,0.750551,1,0.5,2025-05-13T11:42:07
836,0.845622,1,0.5,2025-05-13T11:42:07
837,0.593935,1,0.5,2025-05-13T11:42:07
838,0.044955,0,0.5,2025-05-13T11:42:07
839,0.914548,1,0.5,2025-05-13T11:42:07
840,0.183359,0,0.5,2025-05-13T11:42:07
841,0.851316,1,0.5,2025-05-13T11:42:07
842,0.647065,1,0.5,2025-05-13T11:42:07
843,0.069124,0,0.5,2025-05-13T11:42:07
844,0.133852,0,0.5,2025-05-13T11:42:07
845,0.79917,1,0.5,2025-05-13T11:42:07
846,0.478749,0,0.5,2025-05-13T11:42:07
847,0.806651,1,0.5,2025-05-13T11:42:07
848,0.062689,0,0.5,2025-05-13T11:42:07
849,0.522533,1,0.5,2025-05-13T11:42:07
850,0.048472,0,0.5,2025-05-13T11:42:07
851,0.222784,0,0.5,2025-05-13T11:42:07
852,0.767076,1,0.5,2025-05-13T11:42:07
853,0.693174,1,0.5,2025-05-13T11:42:07
854,0.050201,0,0.5,2025-05-13T11:42:07
855,0.730495,1,0.5,2025-05-13T11:42:07
856,0.832194,1,0.5,2025-05-13T11:42:07
857,0.877664,1,0.5,2025-05-13T11:42:07
858,0.147797,0,0.5,2025-05-13T11:42:07
859,0.87998,1,0.5,2025-05-13T11:42:07
860,0.770163,1,0.5,2025-05-13T11:42:07
861,0.654686,1,0.5,2025-05-13T11:42:07
862,0.721624,1,0.5,2025-05-13T11:42:07
863,0.890029,1,0.5,2025-05-13T11:42:07
864,0.034918,0,0.5,2025-05-13T11:42:07
865,0.474132,0,0.5,2025-05-13T11:42:07
866,0.855256,1,0.5,2025-05-13T11:42:07
867,0.596013,1,0.5,2025-05-13T11:42:07
868,0.219356,0,0.5,2025-05-13T11:42:07
869,0.147872,0,0.5,2025-05-13T11:42:07
870,0.868008,1,0.5,2025-05-13T11:42:07
871,0.039847,0,0.5,2025-05-13T11:42:07
872,0.864436,1,0.5,2025-05-13T11:42:07
873,0.189745,0,0.5,2025-05-13T11:42:07
874,0.729003,1,0.5,2025-05-13T11:42:07
875,0.816286,1,0.5,2025-05-13T11:42:07
876,0.110108,0,0.5,2025-05-13T11:42:07
877,0.331525,0,0.5,2025-05-13T11:42:07
878,0.884813,1,0.5,2025-05-13T11:42:07
879,0.804287,1,0.5,2025-05-13T11:42:07
880,0.319175,0,0.5,2025-05-13T11:42:07
881,0.829812,1,0.5,2025-05-13T11:42:07
882,0.89358,1,0.5,2025-05-13T11:42:07
883,0.796566,1,0.5,2025-05-13T11:42:07
884,0.372878,0,0.5,2025-05-13T11:42:07
885,0.186294,0,0.5,2025-05-13T11:42:07
886,0.329058,0,0.5,2025-05-13T11:42:07
887,0.451391,0,0.5,2025-05-13T11:42:07
888,0.4362,0,0.5,2025-05-13T11:42:07
889,0.881388,1,0.5,2025-05-13T11:42:07
890,0.210174,0,0.5,2025-05-13T11:42:07
891,0.924107,1,0.5,2025-05-13T11:42:07
892,0.032195,0,0.5,2025-05-13T11:42:07
893,0.053828,0,0.5,2025-05-13T11:42:07
894,0.882621,1,0.5,2025-05-13T11:42:07
895,0.78285,1,0.5,2025-05-13T11:42:07
896,0.06887,0,0.5,2025-05-13T11:42:07
897,0.28593,0,0.5,2025-05-13T11:42:07
898,0.120605,0,0.5,2025-05-13T11:42:07
899,0.861225,1,0.5,2025-05-13T11:42:07
900,0.650929,1,0.5,2025-05-13T11:42:07
901,0.283796,0,0.5,2025-05-13T11:42:07
902,0.102099,0,0.5,2025-05-13T11:42:07
903,0.788633,1,0.5,2025-05-13T11:42:07
904,0.809066,1,0.5,2025-05-13T11:42:07
905,0.462119,0,0.5,2025-05-13T11:42:07
906,0.632123,1,0.5,2025-05-13T11:42:07
907,0.250623,0,0.5,2025-05-13T11:42:07
908,0.095778,0,0.5,2025-05-13T11:42:07
909,0.215199,0,0.5,2025-05-13T11:42:07
910,0.807771,1,0.5,2025-05-13T11:42:07
911,0.798657,1,0.5,2025-05-13T11:42:07
912,0.807286,1,0.5,2025-05-13T11:42:07
913,0.897266,1,0.5,2025-05-13T11:42:07
914,0.72017,1,0.5,2025-05-13T11:42:07
915,0.901919,1,0.5,2025-05-13T11:42:07
916,0.090189,0,0.5,2025-05-13T11:42:07
917,0.060223,0,0.5,2025-05-13T11:42:07
918,0.122451,0,0.5,2025-05-13T11:42:07
919,0.661238,1,0.5,2025-05-13T11:42:07
920,0.128681,0,0.5,2025-05-13T11:42:07
921,0.859842,1,0.5,2025-05-13T11:42:07
922,0.775836,1,0.5,2025-05-13T11:42:07
923,0.775929,1,0.5,2025-05-13T11:42:07
924,0.045804,0,0.5,2025-05-13T11:42:07
925,0.116836,0,0.5,2025-05-13T11:42:07
926,0.084804,0,0.5,2025-05-13T11:42:07
927,0.818705,1,0.5,2025-05-13T11:42:07
928,0.894965,1,0.5,2025-05-13T11:42:07
929,0.686569,1,0.5,2025-05-13T11:42:07
930,0.263041,0,0.5,2025-05-13T11:42:07
931,0.020812,0,0.5,2025-05-13T11:42:07
932,0.504522,1,0.5,2025-05-13T11:42:07
933,0.914174,1,0.5,2025-05-13T11:42:07
934,0.781269,1,0.5,2025-05-13T11:42:07
935,0.179285,0,0.5,2025-05-13T11:42:07
936,0.675465,1,0.5,2025-05-13T11:42:07
937,0.076877,0,0.5,2025-05-13T11:42:07
938,0.556217,1,0.5,2025-05-13T11:42:07
939,0.329092,0,0.5,2025-05-13T11:42:07
940,0.055061,0,0.5,2025-05-13T11:42:07
941,0.742079,1,0.5,2025-05-13T11:42:07
942,0.409954,0,0.5,2025-05-13T11:42:07
943,0.078635,0,0.5,2025-05-13T11:42:07
944,0.005463,0,0.5,2025-05-13T11:42:07
945,0.24963,0,0.5,2025-05-13T11:42:07
946,0.738653,1,0.5,2025-05-13T11:42:07
947,0.769341,1,0.5,2025-05-13T11:42:07
948,0.618747,1,0.5,2025-05-13T11:42:07
949,0.029545,0,0.5,2025-05-13T11:42:07
950,0.932996,1,0.5,2025-05-13T11:42:07
951,0.077464,0,0.5,2025-05-13T11:42:07
952,0.527172,1,0.5,2025-05-13T11:42:07
953,0.043083,0,0.5,2025-05-13T11:42:07
954,0.667452,1,0.5,2025-05-13T11:42:07
955,0.829278,1,0.5,2025-05-13T11:42:07
956,0.68637,1,0.5,2025-05-13T11:42:07
957,0.877951,1,0.5,2025-05-13T11:42:07
958,0.866903,1,0.5,2025-05-13T11:42:07
959,0.827542,1,0.5,2025-05-13T11:42:07
960,0.755733,1,0.5,2025-05-13T11:42:07
961,0.261023,0,0.5,2025-05-13T11:42:07
962,0.055752,0,0.5,2025-05-13T11:42:07
963,0.440395,0,0.5,2025-05-13T11:42:07
964,0.52766,1,0.5,2025-05-13T11:42:07
965,0.690981,1,0.5,2025-05-13T11:42:07
966,0.621929,1,0.5,2025-05-13T11:42:07
967,0.132797,0,0.5,2025-05-13T11:42:07
968,0.700332,1,0.5,2025-05-13T11:42:07
969,0.193541,0,0.5,2025-05-13T11:42:07
970,0.111125,0,0.5,2025-05-13T11:42:07
971,0.308757,0,0.5,2025-05-13T11:42:07
972,0.277445,0,0.5,2025-05-13T11:42:07
973,0.880666,1,0.5,2025-05-13T11:42:07
974,0.246667,0,0.5,2025-05-13T11:42:07
975,0.634713,1,0.5,2025-05-13T11:42:07
976,0.796145,1,0.5,2025-05-13T11:42:07
977,0.083952,0,0.5,2025-05-13T11:42:07
978,0.807938,1,0.5,2025-05-13T11:42:07
979,0.23287,0,0.5,2025-05-13T11:42:07
980,0.760844,1,0.5,2025-05-13T11:42:07
981,0.913502,1,0.5,2025-05-13T11:42:07
982,0.605635,1,0.5,2025-05-13T11:42:07
983,0.796901,1,0.5,2025-05-13T11:42:07
984,0.149009,0,0.5,2025-05-13T11:42:07
985,0.755858,1,0.5,2025-05-13T11:42:07
986,0.046453,0,0.5,2025-05-13T11:42:07
987,0.026635,0,0.5,2025-05-13T11:42:07
988,0.10831,0,0.5,2025-05-13T11:42:07
989,0.80072,1,0.5,2025-05-13T11:42:07
990,0.877577,1,0.5,2025-05-13T11:42:07
991,0.81766,1,0.5,2025-05-13T11:42:07
992,0.895562,1,0.5,2025-05-13T11:42:07
993,0.032107,0,0.5,2025-05-13T11:42:07
994,0.764456,1,0.5,2025-05-13T11:42:07
995,0.008236,0,0.5,2025-05-13T11:42:07
996,0.757796,1,0.5,2025-05-13T11:42:07
997,0.131325,0,0.5,2025-05-13T11:42:07
998,0.7565,1,0.5,2025-05-13T11:42:07
999,0.196037,0,0.5,2025-05-13T11:42:07
1000,0.05469,0,0.5,2025-05-13T11:42:07
1001,0.70989,1,0.5,2025-05-13T11:42:07
1002,0.048167,0,0.5,2025-05-13T11:42:07
1003,0.257721,0,0.5,2025-05-13T11:42:07
1004,0.912505,1,0.5,2025-05-13T11:42:07
1005,0.115276,0,0.5,2025-05-13T11:42:07
1006,0.805281,1,0.5,2025-05-13T11:42:07
1007,0.252507,0,0.5,2025-05-13T11:42:07
1008,0.868455,1,0.5,2025-05-13T11:42:07
1009,0.813705,1,0.5,2025-05-13T11:42:07
1010,0.812804,1,0.5,2025-05-13T11:42:07
1011,0.74824,1,0.5,2025-05-13T11:42:07
1012,0.838899,1,0.5,2025-05-13T11:42:07
1013,0.860273,1,0.5,2025-05-13T11:42:07
1014,0.063966,0,0.5,2025-05-13T11:42:07
1015,0.117876,0,0.5,2025-05-13T11:42:07
1016,0.685883,1,0.5,2025-05-13T11:42:07
1017,0.655304,1,0.5,2025-05-13T11:42:07
1018,0.070776,0,0.5,2025-05-13T11:42:07
1019,0.082459,0,0.5,2025-05-13T11:42:07
1020,0.859545,1,0.5,2025-05-13T11:42:07
1021,0.693949,1,0.5,2025-05-13T11:42:07
1022,0.741917,1,0.5,2025-05-13T11:42:07
1023,0.885605,1,0.5,2025-05-13T11:42:07
1024,0.71555,1,0.5,2025-05-13T11:42:07
1025,0.420039,0,0.5,2025-05-13T11:42:07
1026,0.805053,1,0.5,2025-05-13T11:42:07
1027,0.246804,0,0.5,2025-05-13T11:42:07
1028,0.678615,1,0.5,2025-05-13T11:42:07
1029,0.019034,0,0.5,2025-05-13T11:42:07
1030,0.540026,1,0.5,2025-05-13T11:42:07
1031,0.804384,1,0.5,2025-05-13T11:42:07
1032,0.744792,1,0.5,2025-05-13T11:42:07
1033,0.883577,1,0.5,2025-05-13T11:42:07
1034,0.04114,0,0.5,2025-05-13T11:42:07
1035,0.814706,1,0.5,2025-05-13T11:42:07
1036,0.151419,0,0.5,2025-05-13T11:42:07
1037,0.023355,0,0.5,2025-05-13T11:42:07
1038,0.114282,0,0.5,2025-05-13T11:42:07
1039,0.240545,0,0.5,2025-05-13T11:42:07
1040,0.007787,0,0.5,2025-05-13T11:42:07
1041,0.593545,1,0.5,2025-05-13T11:42:07
1042,0.81524,1,0.5,2025-05-13T11:42:07
1043,0.738365,1,0.5,2025-05-13T11:42:07
1044,0.179597,0,0.5,2025-05-13T11:42:07
1045,0.052423,0,0.5,2025-05-13T11:42:07
1046,0.158301,0,0.5,2025-05-13T11:42:07
1047,0.673878,1,0.5,2025-05-13T11:42:07
1048,0.741679,1,0.5,2025-05-13T11:42:07
1049,0.295129,0,0.5,2025-05-13T11:42:07
1050,0.827014,1,0.5,2025-05-13T11:42:07
1051,0.085585,0,0.5,2025-05-13T11:42:07
1052,0.172956,0,0.5,2025-05-13T11:42:07
1053,0.093617,0,0.5,2025-05-13T11:42:07
1054,0.166953,0,0.5,2025-05-13T11:42:07
1055,0.852925,1,0.5,2025-05-13T11:42:07
1056,0.789746,1,0.5,2025-05-13T11:42:07
1057,0.214772,0,0.5,2025-05-13T11:42:07
1058,0.640166,1,0.5,2025-05-13T11:42:07
1059,0.858931,1,0.5,2025-05-13T11:42:07
1060,0.83659,1,0.5,2025-05-13T11:42:07
1061,0.845612,1,0.5,2025-05-13T11:42:07
1062,0.38707,0,0.5,2025-05-13T11:42:07
1063,0.619153,1,0.5,2025-05-13T11:42:07
1064,0.387605,0,0.5,2025-05-13T11:42:07
1065,0.74255,1,0.5,2025-05-13T11:42:07
1066,0.074711,0,0.5,2025-05-13T11:42:07
1067,0.836406,1,0.5,2025-05-13T11:42:07
1068,0.12049,0,0.5,2025-05-13T11:42:07
1069,0.208232,0,0.5,2025-05-13T11:42:07
1070,0.454275,0,0.5,2025-05-13T11:42:07
1071,0.686545,1,0.5,2025-05-13T11:42:07
1072,0.224851,0,0.5,2025-05-13T11:42:07
1073,0.927838,1,0.5,2025-05-13T11:42:07
1074,0.522343,1,0.5,2025-05-13T11:42:07
1075,0.162653,0,0.5,2025-05-13T11:42:07
1076,0.700644,1,0.5,2025-05-13T11:42:07
1077,0.852875,1,0.5,2025-05-13T11:42:07
1078,0.822796,1,0.5,2025-05-13T11:42:07
