window_id,network_anomaly_score,ids_alert_flag,predicted_attack_type,alert_threshold,pipeline_run_id
0,0.875007,1,SCADA_Injection,0.5,2025-05-13T11:42:07
1,0.866532,1,DDoS,0.5,2025-05-13T11:42:07
2,0.786495,1,SCADA_Injection,0.5,2025-05-13T11:42:07
3,0.801396,1,SCADA_Injection,0.5,2025-05-13T11:42:07
4,0.878168,1,SCADA_Injection,0.5,2025-05-13T11:42:07
5,0.810281,1,Replay,0.5,2025-05-13T11:42:07
6,0.112901,0,Normal,0.5,2025-05-13T11:42:07
7,0.84702,1,Malware,0.5,2025-05-13T11:42:07
8,0.312629,0,Normal,0.5,2025-05-13T11:42:07
9,0.846279,1,Malware,0.5,2025-05-13T11:42:07
10,0.874315,1,DDoS,0.5,2025-05-13T11:42:07
11,0.055161,0,Normal,0.5,2025-05-13T11:42:07
12,0.066599,0,Normal,0.5,2025-05-13T11:42:07
13,0.043913,0,Normal,0.5,2025-05-13T11:42:07
14,0.01161,0,Normal,0.5,2025-05-13T11:42:07
15,0.096843,0,Normal,0.5,2025-05-13T11:42:07
16,0.907111,1,Replay,0.5,2025-05-13T11:42:07
17,0.193696,0,Normal,0.5,2025-05-13T11:42:07
18,0.787862,1,Malware,0.5,2025-05-13T11:42:07
19,0.024443,0,Normal,0.5,2025-05-13T11:42:07
20,0.103213,0,Normal,0.5,2025-05-13T11:42:07
21,0.654148,1,DDoS,0.5,2025-05-13T11:42:07
22,0.222608,0,Normal,0.5,2025-05-13T11:42:07
23,0.749803,1,Replay,0.5,2025-05-13T11:42:07
24,0.159817,0,Normal,0.5,2025-05-13T11:42:07
25,0.746153,1,Malware,0.5,2025-05-13T11:42:07
26,0.870801,1,Malware,0.5,2025-05-13T11:42:07
27,0.724333,1,DDoS,0.5,2025-05-13T11:42:07
28,0.847598,1,DDoS,0.5,2025-05-13T11:42:07
29,0.877296,1,Malware,0.5,2025-05-13T11:42:07
30,0.356225,0,Normal,0.5,2025-05-13T11:42:07
31,0.162366,0,Normal,0.5,2025-05-13T11:42:07
32,0.075513,0,Normal,0.5,2025-05-13T11:42:07
33,0.124818,0,Normal,0.5,2025-05-13T11:42:07
34,0.266482,0,Normal,0.5,2025-05-13T11:42:07
35,0.290542,0,Normal,0.5,2025-05-13T11:42:07
36,0.804219,1,Replay,0.5,2025-05-13T11:42:07
37,0.010348,0,Normal,0.5,2025-05-13T11:42:07
38,0.815966,1,Malware,0.5,2025-05-13T11:42:07
39,0.827674,1,DDoS,0.5,2025-05-13T11:42:07
40,0.117988,0,Normal,0.5,2025-05-13T11:42:07
41,0.238112,0,Normal,0.5,2025-05-13T11:42:07
42,0.894807,1,Malware,0.5,2025-05-13T11:42:07
43,0.82974,1,Malware,0.5,2025-05-13T11:42:07
44,0.825005,1,SCADA_Injection,0.5,2025-05-13T11:42:07
45,0.754661,1,SCADA_Injection,0.5,2025-05-13T11:42:07
46,0.120536,0,Normal,0.5,2025-05-13T11:42:07
47,0.799177,1,Malware,0.5,2025-05-13T11:42:07
48,0.748226,1,DDoS,0.5,2025-05-13T11:42:07
49,0.856582,1,SCADA_Injection,0.5,2025-05-13T11:42:07
50,0.83899,1,Replay,0.5,2025-05-13T11:42:07
51,0.887379,1,DDoS,0.5,2025-05-13T11:42:07
52,0.882037,1,Malware,0.5,2025-05-13T11:42:07
53,0.269214,0,Normal,0.5,2025-05-13T11:42:07
54,0.04318,0,Normal,0.5,2025-05-13T11:42:07
55,0.858689,1,Replay,0.5,2025-05-13T11:42:07
56,0.721779,1,DDoS,0.5,2025-05-13T11:42:07
57,0.276329,0,Normal,0.5,2025-05-13T11:42:07
58,0.81786,1,Malware,0.5,2025-05-13T11:42:07
59,0.852788,1,DDoS,0.5,2025-05-13T11:42:07
60,0.795802,1,Malware,0.5,2025-05-13T11:42:07
61,0.163941,0,Normal,0.5,2025-05-13T11:42:07
62,0.072017,0,Normal,0.5,2025-05-13T11:42:07
63,0.061066,0,Normal,0.5,2025-05-13T11:42:07
64,0.768713,1,SCADA_Injection,0.5,2025-05-13T11:42:07
65,0.089031,0,Normal,0.5,2025-05-13T11:42:07
66,0.231798,0,Normal,0.5,2025-05-13T11:42:07
67,0.311204,0,Normal,0.5,2025-05-13T11:42:07
68,0.938393,1,SCADA_Injection,0.5,2025-05-13T11:42:07
69,0.098953,0,Normal,0.5,2025-05-13T11:42:07
70,0.52645,1,DDoS,0.5,2025-05-13T11:42:07
71,0.058221,0,Normal,0.5,2025-05-13T11:42:07
72,0.802504,1,DDoS,0.5,2025-05-13T11:42:07
73,0.870611,1,SCADA_Injection,0.5,2025-05-13T11:42:07
74,0.81333,1,DDoS,0.5,2025-05-13T11:42:07
75,0.763688,1,Replay,0.5,2025-05-13T11:42:07
76,0.062032,0,Normal,0.5,2025-05-13T11:42:07
77,0.788512,1,Malware,0.5,2025-05-13T11:42:07
78,0.880515,1,Replay,0.5,2025-05-13T11:42:07
79,0.027918,0,Normal,0.5,2025-05-13T11:42:07
80,0.155613,0,Normal,0.5,2025-05-13T11:42:07
81,0.097592,0,Normal,0.5,2025-05-13T11:42:07
82,0.096166,0,Normal,0.5,2025-05-13T11:42:07
83,0.698941,1,Replay,0.5,2025-05-13T11:42:07
84,0.051969,0,Normal,0.5,2025-05-13T11:42:07
85,0.719686,1,Malware,0.5,2025-05-13T11:42:07
86,0.931384,1,DDoS,0.5,2025-05-13T11:42:07
87,0.69705,1,SCADA_Injection,0.5,2025-05-13T11:42:07
88,0.196395,0,Normal,0.5,2025-05-13T11:42:07
89,0.813567,1,Malware,0.5,2025-05-13T11:42:07
90,0.863439,1,SCADA_Injection,0.5,2025-05-13T11:42:07
91,0.138426,0,Normal,0.5,2025-05-13T11:42:07
92,0.096438,0,Normal,0.5,2025-05-13T11:42:07
93,0.856189,1,DDoS,0.5,2025-05-13T11:42:07
94,0.271948,0,Normal,0.5,2025-05-13T11:42:07
95,0.580619,1,Malware,0.5,2025-05-13T11:42:07
96,0.858588,1,Malware,0.5,2025-05-13T11:42:07
97,0.506395,1,SCADA_Injection,0.5,2025-05-13T11:42:07
98,0.155087,0,Normal,0.5,2025-05-13T11:42:07
99,0.141797,0,Normal,0.5,2025-05-13T11:42:07
100,0.234961,0,Normal,0.5,2025-05-13T11:42:07
101,0.909998,1,SCADA_Injection,0.5,2025-05-13T11:42:07
102,0.257485,0,Normal,0.5,2025-05-13T11:42:07
103,0.108838,0,Normal,0.5,2025-05-13T11:42:07
104,0.695384,1,SCADA_Injection,0.5,2025-05-13T11:42:07
105,0.049993,0,Normal,0.5,2025-05-13T11:42:07
106,0.87621,1,SCADA_Injection,0.5,2025-05-13T11:42:07
107,0.131837,0,Normal,0.5,2025-05-13T11:42:07
108,0.87607,1,SCADA_Injection,0.5,2025-05-13T11:42:07
109,0.114097,0,Normal,0.5,2025-05-13T11:42:07
110,0.856493,1,Malware,0.5,2025-05-13T11:42:07
111,0.101268,0,Normal,0.5,2025-05-13T11:42:07
112,0.923133,1,SCADA_Injection,0.5,2025-05-13T11:42:07
113,0.76991,1,Malware,0.5,2025-05-13T11:42:07
114,0.062633,0,Normal,0.5,2025-05-13T11:42:07
115,0.916479,1,Replay,0.5,2025-05-13T11:42:07
116,0.692173,1,SCADA_Injection,0.5,2025-05-13T11:42:07
117,0.78287,1,Malware,0.5,2025-05-13T11:42:07
118,0.006469,0,Normal,0.5,2025-05-13T11:42:07
119,0.89078,1,Replay,0.5,2025-05-13T11:42:07
120,0.025412,0,Normal,0.5,2025-05-13T11:42:07
121,0.804036,1,DDoS,0.5,2025-05-13T11:42:07
122,0.730183,1,Replay,0.5,2025-05-13T11:42:07
123,0.927978,1,SCADA_Injection,0.5,2025-05-13T11:42:07
124,0.880343,1,Replay,0.5,2025-05-13T11:42:07
125,0.214234,0,Normal,0.5,2025-05-13T11:42:07
126,0.154599,0,Normal,0.5,2025-05-13T11:42:07
127,0.914186,1,DDoS,0.5,2025-05-13T11:42:07
128,0.905584,1,SCADA_Injection,0.5,2025-05-13T11:42:07
129,0.085297,0,Normal,0.5,2025-05-13T11:42:07
130,0.296445,0,Normal,0.5,2025-05-13T11:42:07
131,0.099006,0,Normal,0.5,2025-05-13T11:42:07
132,0.078963,0,Normal,0.5,2025-05-13T11:42:07
133,0.792875,1,Malware,0.5,2025-05-13T11:42:07
134,0.882407,1,Replay,0.5,2025-05-13T11:42:07
135,0.820859,1,Replay,0.5,2025-05-13T11:42:07
136,0.895741,1,Replay,0.5,2025-05-13T11:42:07
137,0.037425,0,Normal,0.5,2025-05-13T11:42:07
138,0.816492,1,SCADA_Injection,0.5,2025-05-13T11:42:07
139,0.066363,0,Normal,0.5,2025-05-13T11:42:07
140,0.113983,0,Normal,0.5,2025-05-13T11:42:07
141,0.867935,1,Malware,0.5,2025-05-13T11:42:07
142,0.82032,1,Malware,0.5,2025-05-13T11:42:07
143,0.898054,1,Malware,0.5,2025-05-13T11:42:07
144,0.898924,1,Malware,0.5,2025-05-13T11:42:07
145,0.849111,1,SCADA_Injection,0.5,2025-05-13T11:42:07
146,0.354982,0,Normal,0.5,2025-05-13T11:42:07
147,0.100752,0,Normal,0.5,2025-05-13T11:42:07
148,0.262221,0,Normal,0.5,2025-05-13T11:42:07
149,0.843047,1,DDoS,0.5,2025-05-13T11:42:07
150,0.108269,0,Normal,0.5,2025-05-13T11:42:07
151,0.849286,1,DDoS,0.5,2025-05-13T11:42:07
152,0.854346,1,Malware,0.5,2025-05-13T11:42:07
153,0.328025,0,Normal,0.5,2025-05-13T11:42:07
154,0.754829,1,Malware,0.5,2025-05-13T11:42:07
155,0.772127,1,Replay,0.5,2025-05-13T11:42:07
156,0.846467,1,Replay,0.5,2025-05-13T11:42:07
157,0.707856,1,SCADA_Injection,0.5,2025-05-13T11:42:07
158,0.783063,1,SCADA_Injection,0.5,2025-05-13T11:42:07
159,0.695211,1,Malware,0.5,2025-05-13T11:42:07
160,0.619783,1,Malware,0.5,2025-05-13T11:42:07
161,0.093445,0,Normal,0.5,2025-05-13T11:42:07
162,0.04404,0,Normal,0.5,2025-05-13T11:42:07
163,0.863363,1,SCADA_Injection,0.5,2025-05-13T11:42:07
164,0.15073,0,Normal,0.5,2025-05-13T11:42:07
165,0.846151,1,Malware,0.5,2025-05-13T11:42:07
166,0.795314,1,Replay,0.5,2025-05-13T11:42:07
167,0.202377,0,Normal,0.5,2025-05-13T11:42:07
168,0.744799,1,DDoS,0.5,2025-05-13T11:42:07
169,0.862525,1,DDoS,0.5,2025-05-13T11:42:07
170,0.269612,0,Normal,0.5,2025-05-13T11:42:07
171,0.828583,1,DDoS,0.5,2025-05-13T11:42:07
172,0.177328,0,Normal,0.5,2025-05-13T11:42:07
173,0.154199,0,Normal,0.5,2025-05-13T11:42:07
174,0.144168,0,Normal,0.5,2025-05-13T11:42:07
175,0.843077,1,Malware,0.5,2025-05-13T11:42:07
176,0.242042,0,Normal,0.5,2025-05-13T11:42:07
177,0.219843,0,Normal,0.5,2025-05-13T11:42:07
178,0.131197,0,Normal,0.5,2025-05-13T11:42:07
179,0.174981,0,Normal,0.5,2025-05-13T11:42:07
180,0.293704,0,Normal,0.5,2025-05-13T11:42:07
181,0.561866,1,SCADA_Injection,0.5,2025-05-13T11:42:07
182,0.763315,1,Malware,0.5,2025-05-13T11:42:07
183,0.799183,1,Malware,0.5,2025-05-13T11:42:07
184,0.862219,1,Replay,0.5,2025-05-13T11:42:07
185,0.109556,0,Normal,0.5,2025-05-13T11:42:07
186,0.77422,1,Malware,0.5,2025-05-13T11:42:07
187,0.080526,0,Normal,0.5,2025-05-13T11:42:07
188,0.209187,0,Normal,0.5,2025-05-13T11:42:07
189,0.936451,1,Replay,0.5,2025-05-13T11:42:07
190,0.16898,0,Normal,0.5,2025-05-13T11:42:07
191,0.913712,1,Malware,0.5,2025-05-13T11:42:07
192,0.732421,1,Replay,0.5,2025-05-13T11:42:07
193,0.929642,1,Replay,0.5,2025-05-13T11:42:07
194,0.323005,0,Normal,0.5,2025-05-13T11:42:07
195,0.653901,1,Malware,0.5,2025-05-13T11:42:07
196,0.038546,0,Normal,0.5,2025-05-13T11:42:07
197,0.624128,1,DDoS,0.5,2025-05-13T11:42:07
198,0.870257,1,DDoS,0.5,2025-05-13T11:42:07
199,0.870494,1,SCADA_Injection,0.5,2025-05-13T11:42:07
200,0.240629,0,Normal,0.5,2025-05-13T11:42:07
201,0.789953,1,SCADA_Injection,0.5,2025-05-13T11:42:07
202,0.857025,1,DDoS,0.5,2025-05-13T11:42:07
203,0.853018,1,Replay,0.5,2025-05-13T11:42:07
204,0.928464,1,Replay,0.5,2025-05-13T11:42:07
205,0.17509,0,Normal,0.5,2025-05-13T11:42:07
206,0.935383,1,Malware,0.5,2025-05-13T11:42:07
207,0.125362,0,Normal,0.5,2025-05-13T11:42:07
208,0.839144,1,DDoS,0.5,2025-05-13T11:42:07
209,0.819116,1,Replay,0.5,2025-05-13T11:42:07
210,0.837202,1,Replay,0.5,2025-05-13T11:42:07
211,0.084593,0,Normal,0.5,2025-05-13T11:42:07
212,0.735305,1,Malware,0.5,2025-05-13T11:42:07
213,0.356674,0,Normal,0.5,2025-05-13T11:42:07
214,0.044066,0,Normal,0.5,2025-05-13T11:42:07
215,0.773424,1,Malware,0.5,2025-05-13T11:42:07
216,0.189528,0,Normal,0.5,2025-05-13T11:42:07
217,0.193365,0,Normal,0.5,2025-05-13T11:42:07
218,0.768524,1,Replay,0.5,2025-05-13T11:42:07
219,0.179695,0,Normal,0.5,2025-05-13T11:42:07
220,0.65808,1,Malware,0.5,2025-05-13T11:42:07
221,0.07365,0,Normal,0.5,2025-05-13T11:42:07
222,0.045346,0,Normal,0.5,2025-05-13T11:42:07
223,0.210967,0,Normal,0.5,2025-05-13T11:42:07
224,0.041128,0,Normal,0.5,2025-05-13T11:42:07
225,0.850167,1,DDoS,0.5,2025-05-13T11:42:07
226,0.749637,1,Malware,0.5,2025-05-13T11:42:07
227,0.825894,1,DDoS,0.5,2025-05-13T11:42:07
228,0.753175,1,SCADA_Injection,0.5,2025-05-13T11:42:07
229,0.860706,1,Replay,0.5,2025-05-13T11:42:07
230,0.399425,0,Normal,0.5,2025-05-13T11:42:07
231,0.050069,0,Normal,0.5,2025-05-13T11:42:07
232,0.222303,0,Normal,0.5,2025-05-13T11:42:07
233,0.12213,0,Normal,0.5,2025-05-13T11:42:07
234,0.061206,0,Normal,0.5,2025-05-13T11:42:07
235,0.760952,1,Replay,0.5,2025-05-13T11:42:07
236,0.021324,0,Normal,0.5,2025-05-13T11:42:07
237,0.706019,1,DDoS,0.5,2025-05-13T11:42:07
238,0.915828,1,Replay,0.5,2025-05-13T11:42:07
239,0.1842,0,Normal,0.5,2025-05-13T11:42:07
240,0.874901,1,Malware,0.5,2025-05-13T11:42:07
241,0.860481,1,SCADA_Injection,0.5,2025-05-13T11:42:07
242,0.879089,1,SCADA_Injection,0.5,2025-05-13T11:42:07
243,0.823608,1,DDoS,0.5,2025-05-13T11:42:07
244,0.052764,0,Normal,0.5,2025-05-13T11:42:07
245,0.030358,0,Normal,0.5,2025-05-13T11:42:07
246,0.281831,0,Normal,0.5,2025-05-13T11:42:07
247,0.853683,1,SCADA_Injection,0.5,2025-05-13T11:42:07
248,0.887625,1,Malware,0.5,2025-05-13T11:42:07
249,0.103853,0,Normal,0.5,2025-05-13T11:42:07
250,0.059326,0,Normal,0.5,2025-05-13T11:42:07
251,0.843684,1,SCADA_Injection,0.5,2025-05-13T11:42:07
252,0.184765,0,Normal,0.5,2025-05-13T11:42:07
253,0.788861,1,Replay,0.5,2025-05-13T11:42:07
254,0.867491,1,DDoS,0.5,2025-05-13T11:42:07
255,0.720323,1,DDoS,0.5,2025-05-13T11:42:07
256,0.261594,0,Normal,0.5,2025-05-13T11:42:07
257,0.766278,1,Replay,0.5,2025-05-13T11:42:07
258,0.868012,1,Replay,0.5,2025-05-13T11:42:07
259,0.930269,1,SCADA_Injection,0.5,2025-05-13T11:42:07
260,0.921674,1,SCADA_Injection,0.5,2025-05-13T11:42:07
261,0.175281,0,Normal,0.5,2025-05-13T11:42:07
262,0.745887,1,DDoS,0.5,2025-05-13T11:42:07
263,0.845729,1,Replay,0.5,2025-05-13T11:42:07
264,0.157463,0,Normal,0.5,2025-05-13T11:42:07
265,0.444216,0,Normal,0.5,2025-05-13T11:42:07
266,0.904632,1,Malware,0.5,2025-05-13T11:42:07
267,0.178416,0,Normal,0.5,2025-05-13T11:42:07
268,0.769274,1,SCADA_Injection,0.5,2025-05-13T11:42:07
269,0.915378,1,SCADA_Injection,0.5,2025-05-13T11:42:07
270,0.854251,1,DDoS,0.5,2025-05-13T11:42:07
271,0.876352,1,Malware,0.5,2025-05-13T11:42:07
272,0.068394,0,Normal,0.5,2025-05-13T11:42:07
273,0.060757,0,Normal,0.5,2025-05-13T11:42:07
274,0.706716,1,DDoS,0.5,2025-05-13T11:42:07
275,0.743343,1,Malware,0.5,2025-05-13T11:42:07
276,0.028612,0,Normal,0.5,2025-05-13T11:42:07
277,0.85648,1,SCADA_Injection,0.5,2025-05-13T11:42:07
278,0.798547,1,Malware,0.5,2025-05-13T11:42:07
279,0.849238,1,DDoS,0.5,2025-05-13T11:42:07
280,0.871951,1,Replay,0.5,2025-05-13T11:42:07
281,0.694646,1,SCADA_Injection,0.5,2025-05-13T11:42:07
282,0.823513,1,SCADA_Injection,0.5,2025-05-13T11:42:07
283,0.062377,0,Normal,0.5,2025-05-13T11:42:07
284,0.633044,1,Replay,0.5,2025-05-13T11:42:07
285,0.172456,0,Normal,0.5,2025-05-13T11:42:07
286,0.829554,1,DDoS,0.5,2025-05-13T11:42:07
287,0.809019,1,Replay,0.5,2025-05-13T11:42:07
288,0.035472,0,Normal,0.5,2025-05-13T11:42:07
289,0.679009,1,SCADA_Injection,0.5,2025-05-13T11:42:07
290,0.85483,1,Malware,0.5,2025-05-13T11:42:07
291,0.616642,1,Replay,0.5,2025-05-13T11:42:07
292,0.811956,1,Replay,0.5,2025-05-13T11:42:07
293,0.192054,0,Normal,0.5,2025-05-13T11:42:07
294,0.875,1,Malware,0.5,2025-05-13T11:42:07
295,0.830915,1,SCADA_Injection,0.5,2025-05-13T11:42:07
296,0.764489,1,DDoS,0.5,2025-05-13T11:42:07
297,0.068499,0,Normal,0.5,2025-05-13T11:42:07
298,0.052884,0,Normal,0.5,2025-05-13T11:42:07
299,0.862308,1,Malware,0.5,2025-05-13T11:42:07
300,0.06469,0,Normal,0.5,2025-05-13T11:42:07
301,0.834576,1,SCADA_Injection,0.5,2025-05-13T11:42:07
302,0.572236,1,DDoS,0.5,2025-05-13T11:42:07
303,0.808643,1,Replay,0.5,2025-05-13T11:42:07
304,0.943179,1,SCADA_Injection,0.5,2025-05-13T11:42:07
305,0.093959,0,Normal,0.5,2025-05-13T11:42:07
306,0.029751,0,Normal,0.5,2025-05-13T11:42:07
307,0.040333,0,Normal,0.5,2025-05-13T11:42:07
308,0.67466,1,Replay,0.5,2025-05-13T11:42:07
309,0.079734,0,Normal,0.5,2025-05-13T11:42:07
310,0.577716,1,SCADA_Injection,0.5,2025-05-13T11:42:07
311,0.074399,0,Normal,0.5,2025-05-13T11:42:07
312,0.098267,0,Normal,0.5,2025-05-13T11:42:07
313,0.923874,1,SCADA_Injection,0.5,2025-05-13T11:42:07
314,0.868395,1,SCADA_Injection,0.5,2025-05-13T11:42:07
315,0.80874,1,Replay,0.5,2025-05-13T11:42:07
316,0.232676,0,Normal,0.5,2025-05-13T11:42:07
317,0.720547,1,Malware,0.5,2025-05-13T11:42:07
318,0.833312,1,SCADA_Injection,0.5,2025-05-13T11:42:07
319,0.173258,0,Normal,0.5,2025-05-13T11:42:07
320,0.817965,1,Replay,0.5,2025-05-13T11:42:07
321,0.526215,1,Replay,0.5,2025-05-13T11:42:07
322,0.133387,0,Normal,0.5,2025-05-13T11:42:07
323,0.380584,0,Normal,0.5,2025-05-13T11:42:07
324,0.6627,1,Malware,0.5,2025-05-13T11:42:07
325,0.052423,0,Normal,0.5,2025-05-13T11:42:07
326,0.224555,0,Normal,0.5,2025-05-13T11:42:07
327,0.763237,1,DDoS,0.5,2025-05-13T11:42:07
328,0.826399,1,Replay,0.5,2025-05-13T11:42:07
329,0.19355,0,Normal,0.5,2025-05-13T11:42:07
330,0.856656,1,DDoS,0.5,2025-05-13T11:42:07
331,0.033865,0,Normal,0.5,2025-05-13T11:42:07
332,0.100942,0,Normal,0.5,2025-05-13T11:42:07
333,0.749838,1,Malware,0.5,2025-05-13T11:42:07
334,0.846227,1,DDoS,0.5,2025-05-13T11:42:07
335,0.026111,0,Normal,0.5,2025-05-13T11:42:07
336,0.08705,0,Normal,0.5,2025-05-13T11:42:07
337,0.027558,0,Normal,0.5,2025-05-13T11:42:07
338,0.087918,0,Normal,0.5,2025-05-13T11:42:07
339,0.875767,1,SCADA_Injection,0.5,2025-05-13T11:42:07
340,0.83527,1,DDoS,0.5,2025-05-13T11:42:07
341,0.887002,1,Replay,0.5,2025-05-13T11:42:07
342,0.782182,1,Replay,0.5,2025-05-13T11:42:07
343,0.143527,0,Normal,0.5,2025-05-13T11:42:07
344,0.349336,0,Normal,0.5,2025-05-13T11:42:07
345,0.87482,1,Malware,0.5,2025-05-13T11:42:07
346,0.040343,0,Normal,0.5,2025-05-13T11:42:07
347,0.808672,1,Malware,0.5,2025-05-13T11:42:07
348,0.854536,1,Replay,0.5,2025-05-13T11:42:07
349,0.726744,1,SCADA_Injection,0.5,2025-05-13T11:42:07
350,0.91997,1,SCADA_Injection,0.5,2025-05-13T11:42:07
351,0.045177,0,Normal,0.5,2025-05-13T11:42:07
352,0.87336,1,Malware,0.5,2025-05-13T11:42:07
353,0.09603,0,Normal,0.5,2025-05-13T11:42:07
354,0.821227,1,Malware,0.5,2025-05-13T11:42:07
355,0.219074,0,Normal,0.5,2025-05-13T11:42:07
356,0.122701,0,Normal,0.5,2025-05-13T11:42:07
357,0.841587,1,SCADA_Injection,0.5,2025-05-13T11:42:07
358,0.089601,0,Normal,0.5,2025-05-13T11:42:07
359,0.260059,0,Normal,0.5,2025-05-13T11:42:07
360,0.036589,0,Normal,0.5,2025-05-13T11:42:07
361,0.844753,1,Replay,0.5,2025-05-13T11:42:07
362,0.21061,0,Normal,0.5,2025-05-13T11:42:07
363,0.096249,0,Normal,0.5,2025-05-13T11:42:07
364,0.831403,1,Malware,0.5,2025-05-13T11:42:07
365,0.826977,1,SCADA_Injection,0.5,2025-05-13T11:42:07
366,0.203655,0,Normal,0.5,2025-05-13T11:42:07
367,0.820125,1,DDoS,0.5,2025-05-13T11:42:07
368,0.793392,1,Replay,0.5,2025-05-13T11:42:07
369,0.813122,1,Replay,0.5,2025-05-13T11:42:07
370,0.820854,1,DDoS,0.5,2025-05-13T11:42:07
371,0.005598,0,Normal,0.5,2025-05-13T11:42:07
372,0.091303,0,Normal,0.5,2025-05-13T11:42:07
373,0.164758,0,Normal,0.5,2025-05-13T11:42:07
374,0.944761,1,Replay,0.5,2025-05-13T11:42:07
375,0.142372,0,Normal,0.5,2025-05-13T11:42:07
376,0.814271,1,DDoS,0.5,2025-05-13T11:42:07
377,0.759528,1,DDoS,0.5,2025-05-13T11:42:07
378,0.912805,1,SCADA_Injection,0.5,2025-05-13T11:42:07
379,0.332636,0,Normal,0.5,2025-05-13T11:42:07
380,0.807207,1,DDoS,0.5,2025-05-13T11:42:07
381,0.181915,0,Normal,0.5,2025-05-13T11:42:07
382,0.870696,1,SCADA_Injection,0.5,2025-05-13T11:42:07
383,0.107471,0,Normal,0.5,2025-05-13T11:42:07
384,0.916803,1,Replay,0.5,2025-05-13T11:42:07
385,0.732666,1,SCADA_Injection,0.5,2025-05-13T11:42:07
386,0.76902,1,DDoS,0.5,2025-05-13T11:42:07
387,0.134389,0,Normal,0.5,2025-05-13T11:42:07
388,0.843982,1,SCADA_Injection,0.5,2025-05-13T11:42:07
389,0.933021,1,DDoS,0.5,2025-05-13T11:42:07
390,0.056865,0,Normal,0.5,2025-05-13T11:42:07
391,0.750183,1,Replay,0.5,2025-05-13T11:42:07
392,0.50602,1,Replay,0.5,2025-05-13T11:42:07
393,0.174794,0,Normal,0.5,2025-05-13T11:42:07
394,0.802695,1,Malware,0.5,2025-05-13T11:42:07
395,0.832706,1,DDoS,0.5,2025-05-13T11:42:07
396,0.10414,0,Normal,0.5,2025-05-13T11:42:07
397,0.188059,0,Normal,0.5,2025-05-13T11:42:07
398,0.689318,1,Malware,0.5,2025-05-13T11:42:07
399,0.73481,1,DDoS,0.5,2025-05-13T11:42:07
400,0.11476,0,Normal,0.5,2025-05-13T11:42:07
401,0.935506,1,Malware,0.5,2025-05-13T11:42:07
402,0.11872,0,Normal,0.5,2025-05-13T11:42:07
403,0.822196,1,Replay,0.5,2025-05-13T11:42:07
404,0.679192,1,Replay,0.5,2025-05-13T11:42:07
405,0.065664,0,Normal,0.5,2025-05-13T11:42:07
406,0.678514,1,DDoS,0.5,2025-05-13T11:42:07
407,0.04751,0,Normal,0.5,2025-05-13T11:42:07
408,0.046293,0,Normal,0.5,2025-05-13T11:42:07
409,0.131026,0,Normal,0.5,2025-05-13T11:42:07
410,0.730367,1,SCADA_Injection,0.5,2025-05-13T11:42:07
411,0.832261,1,SCADA_Injection,0.5,2025-05-13T11:42:07
412,0.898922,1,Malware,0.5,2025-05-13T11:42:07
413,0.849637,1,SCADA_Injection,0.5,2025-05-13T11:42:07
414,0.758071,1,DDoS,0.5,2025-05-13T11:42:07
415,0.854331,1,DDoS,0.5,2025-05-13T11:42:07
416,0.03073,0,Normal,0.5,2025-05-13T11:42:07
417,0.021182,0,Normal,0.5,2025-05-13T11:42:07
418,0.873448,1,SCADA_Injection,0.5,2025-05-13T11:42:07
419,0.13618,0,Normal,0.5,2025-05-13T11:42:07
420,0.322999,0,Normal,0.5,2025-05-13T11:42:07
421,0.805731,1,SCADA_Injection,0.5,2025-05-13T11:42:07
422,0.070804,0,Normal,0.5,2025-05-13T11:42:07
423,0.753527,1,DDoS,0.5,2025-05-13T11:42:07
424,0.838857,1,DDoS,0.5,2025-05-13T11:42:07
425,0.106943,0,Normal,0.5,2025-05-13T11:42:07
426,0.032747,0,Normal,0.5,2025-05-13T11:42:07
427,0.068947,0,Normal,0.5,2025-05-13T11:42:07
428,0.107721,0,Normal,0.5,2025-05-13T11:42:07
429,0.237113,0,Normal,0.5,2025-05-13T11:42:07
430,0.105296,0,Normal,0.5,2025-05-13T11:42:07
431,0.814946,1,Malware,0.5,2025-05-13T11:42:07
432,0.531068,1,DDoS,0.5,2025-05-13T11:42:07
433,0.818451,1,Replay,0.5,2025-05-13T11:42:07
434,0.866342,1,Malware,0.5,2025-05-13T11:42:07
435,0.847871,1,Replay,0.5,2025-05-13T11:42:07
436,0.17316,0,Normal,0.5,2025-05-13T11:42:07
437,0.683279,1,Malware,0.5,2025-05-13T11:42:07
438,0.769714,1,Replay,0.5,2025-05-13T11:42:07
439,0.117593,0,Normal,0.5,2025-05-13T11:42:07
440,0.879215,1,Malware,0.5,2025-05-13T11:42:07
441,0.032157,0,Normal,0.5,2025-05-13T11:42:07
442,0.121873,0,Normal,0.5,2025-05-13T11:42:07
443,0.738437,1,DDoS,0.5,2025-05-13T11:42:07
444,0.248959,0,Normal,0.5,2025-05-13T11:42:07
445,0.685203,1,SCADA_Injection,0.5,2025-05-13T11:42:07
446,0.120925,0,Normal,0.5,2025-05-13T11:42:07
447,0.314252,0,Normal,0.5,2025-05-13T11:42:07
448,0.859919,1,Replay,0.5,2025-05-13T11:42:07
449,0.858787,1,Malware,0.5,2025-05-13T11:42:07
450,0.899041,1,SCADA_Injection,0.5,2025-05-13T11:42:07
451,0.204523,0,Normal,0.5,2025-05-13T11:42:07
452,0.200974,0,Normal,0.5,2025-05-13T11:42:07
453,0.136239,0,Normal,0.5,2025-05-13T11:42:07
454,0.129507,0,Normal,0.5,2025-05-13T11:42:07
455,0.203187,0,Normal,0.5,2025-05-13T11:42:07
456,0.029662,0,Normal,0.5,2025-05-13T11:42:07
457,0.805817,1,Replay,0.5,2025-05-13T11:42:07
458,0.038109,0,Normal,0.5,2025-05-13T11:42:07
459,0.846089,1,Replay,0.5,2025-05-13T11:42:07
460,0.121718,0,Normal,0.5,2025-05-13T11:42:07
461,0.318454,0,Normal,0.5,2025-05-13T11:42:07
462,0.710245,1,DDoS,0.5,2025-05-13T11:42:07
463,0.105764,0,Normal,0.5,2025-05-13T11:42:07
464,0.06384,0,Normal,0.5,2025-05-13T11:42:07
465,0.900286,1,Malware,0.5,2025-05-13T11:42:07
466,0.757703,1,Malware,0.5,2025-05-13T11:42:07
467,0.188291,0,Normal,0.5,2025-05-13T11:42:07
468,0.105467,0,Normal,0.5,2025-05-13T11:42:07
469,0.174535,0,Normal,0.5,2025-05-13T11:42:07
470,0.783226,1,DDoS,0.5,2025-05-13T11:42:07
471,0.629786,1,DDoS,0.5,2025-05-13T11:42:07
472,0.274318,0,Normal,0.5,2025-05-13T11:42:07
473,0.046821,0,Normal,0.5,2025-05-13T11:42:07
474,0.080012,0,Normal,0.5,2025-05-13T11:42:07
475,0.921319,1,DDoS,0.5,2025-05-13T11:42:07
476,0.120461,0,Normal,0.5,2025-05-13T11:42:07
477,0.727375,1,Malware,0.5,2025-05-13T11:42:07
478,0.876748,1,Malware,0.5,2025-05-13T11:42:07
479,0.096334,0,Normal,0.5,2025-05-13T11:42:07
480,0.804781,1,Replay,0.5,2025-05-13T11:42:07
481,0.893139,1,Replay,0.5,2025-05-13T11:42:07
482,0.380532,0,Normal,0.5,2025-05-13T11:42:07
483,0.72082,1,Replay,0.5,2025-05-13T11:42:07
484,0.844513,1,Replay,0.5,2025-05-13T11:42:07
485,0.848545,1,DDoS,0.5,2025-05-13T11:42:07
486,0.346303,0,Normal,0.5,2025-05-13T11:42:07
487,0.89454,1,Malware,0.5,2025-05-13T11:42:07
488,0.069439,0,Normal,0.5,2025-05-13T11:42:07
489,0.887004,1,Replay,0.5,2025-05-13T11:42:07
490,0.297451,0,Normal,0.5,2025-05-13T11:42:07
491,0.864347,1,SCADA_Injection,0.5,2025-05-13T11:42:07
492,0.873417,1,SCADA_Injection,0.5,2025-05-13T11:42:07
493,0.723634,1,Malware,0.5,2025-05-13T11:42:07
494,0.845569,1,Malware,0.5,2025-05-13T11:42:07
495,0.061458,0,Normal,0.5,2025-05-13T11:42:07
496,0.872377,1,Replay,0.5,2025-05-13T11:42:07
497,0.077378,0,Normal,0.5,2025-05-13T11:42:07
498,0.739886,1,SCADA_Injection,0.5,2025-05-13T11:42:07
499,0.039524,0,Normal,0.5,2025-05-13T11:42:07
500,0.855996,1,Replay,0.5,2025-05-13T11:42:07
501,0.264508,0,Normal,0.5,2025-05-13T11:42:07
502,0.157057,0,Normal,0.5,2025-05-13T11:42:07
503,0.202424,0,Normal,0.5,2025-05-13T11:42:07
504,0.31571,0,Normal,0.5,2025-05-13T11:42:07
505,0.763947,1,Replay,0.5,2025-05-13T11:42:07
506,0.785817,1,Malware,0.5,2025-05-13T11:42:07
507,0.133365,0,Normal,0.5,2025-05-13T11:42:07
508,0.804789,1,DDoS,0.5,2025-05-13T11:42:07
509,0.072865,0,Normal,0.5,2025-05-13T11:42:07
510,0.852758,1,Malware,0.5,2025-05-13T11:42:07
511,0.897283,1,DDoS,0.5,2025-05-13T11:42:07
512,0.422533,0,Normal,0.5,2025-05-13T11:42:07
513,0.867798,1,Replay,0.5,2025-05-13T11:42:07
514,0.083221,0,Normal,0.5,2025-05-13T11:42:07
515,0.018115,0,Normal,0.5,2025-05-13T11:42:07
516,0.181432,0,Normal,0.5,2025-05-13T11:42:07
517,0.806187,1,DDoS,0.5,2025-05-13T11:42:07
518,0.889199,1,Replay,0.5,2025-05-13T11:42:07
519,0.259207,0,Normal,0.5,2025-05-13T11:42:07
520,0.017006,0,Normal,0.5,2025-05-13T11:42:07
521,0.841438,1,DDoS,0.5,2025-05-13T11:42:07
522,0.867167,1,SCADA_Injection,0.5,2025-05-13T11:42:07
523,0.905787,1,SCADA_Injection,0.5,2025-05-13T11:42:07
524,0.057107,0,Normal,0.5,2025-05-13T11:42:07
525,0.78206,1,DDoS,0.5,2025-05-13T11:42:07
526,0.139781,0,Normal,0.5,2025-05-13T11:42:07
527,0.128844,0,Normal,0.5,2025-05-13T11:42:07
528,0.208131,0,Normal,0.5,2025-05-13T11:42:07
529,0.771382,1,Malware,0.5,2025-05-13T11:42:07
530,0.102994,0,Normal,0.5,2025-05-13T11:42:07
531,0.112406,0,Normal,0.5,2025-05-13T11:42:07
532,0.142402,0,Normal,0.5,2025-05-13T11:42:07
533,0.822442,1,Replay,0.5,2025-05-13T11:42:07
534,0.850697,1,SCADA_Injection,0.5,2025-05-13T11:42:07
535,0.874575,1,Malware,0.5,2025-05-13T11:42:07
536,0.855368,1,DDoS,0.5,2025-05-13T11:42:07
537,0.011231,0,Normal,0.5,2025-05-13T11:42:07
538,0.891958,1,Replay,0.5,2025-05-13T11:42:07
539,0.912818,1,Malware,0.5,2025-05-13T11:42:07
540,0.846013,1,Malware,0.5,2025-05-13T11:42:07
541,0.915915,1,Malware,0.5,2025-05-13T11:42:07
542,0.792095,1,Malware,0.5,2025-05-13T11:42:07
543,0.693682,1,Replay,0.5,2025-05-13T11:42:07
544,0.009365,0,Normal,0.5,2025-05-13T11:42:07
545,0.752912,1,SCADA_Injection,0.5,2025-05-13T11:42:07
546,0.059316,0,Normal,0.5,2025-05-13T11:42:07
547,0.067003,0,Normal,0.5,2025-05-13T11:42:07
548,0.066113,0,Normal,0.5,2025-05-13T11:42:07
549,0.844879,1,Replay,0.5,2025-05-13T11:42:07
550,0.054272,0,Normal,0.5,2025-05-13T11:42:07
551,0.753628,1,Malware,0.5,2025-05-13T11:42:07
552,0.056792,0,Normal,0.5,2025-05-13T11:42:07
553,0.154107,0,Normal,0.5,2025-05-13T11:42:07
554,0.834722,1,DDoS,0.5,2025-05-13T11:42:07
555,0.263263,0,Normal,0.5,2025-05-13T11:42:07
556,0.050426,0,Normal,0.5,2025-05-13T11:42:07
557,0.074547,0,Normal,0.5,2025-05-13T11:42:07
558,0.84687,1,Malware,0.5,2025-05-13T11:42:07
559,0.896219,1,DDoS,0.5,2025-05-13T11:42:07
560,0.815668,1,Malware,0.5,2025-05-13T11:42:07
561,0.483083,0,Normal,0.5,2025-05-13T11:42:07
562,0.665568,1,SCADA_Injection,0.5,2025-05-13T11:42:07
563,0.14865,0,Normal,0.5,2025-05-13T11:42:07
564,0.07841,0,Normal,0.5,2025-05-13T11:42:07
565,0.135644,0,Normal,0.5,2025-05-13T11:42:07
566,0.798472,1,DDoS,0.5,2025-05-13T11:42:07
567,0.691727,1,SCADA_Injection,0.5,2025-05-13T11:42:07
568,0.088179,0,Normal,0.5,2025-05-13T11:42:07
569,0.014656,0,Normal,0.5,2025-05-13T11:42:07
570,0.828831,1,DDoS,0.5,2025-05-13T11:42:07
571,0.147443,0,Normal,0.5,2025-05-13T11:42:07
572,0.758766,1,SCADA_Injection,0.5,2025-05-13T11:42:07
573,0.779623,1,Malware,0.5,2025-05-13T11:42:07
574,0.787225,1,Malware,0.5,2025-05-13T11:42:07
575,0.625429,1,DDoS,0.5,2025-05-13T11:42:07
576,0.777513,1,DDoS,0.5,2025-05-13T11:42:07
577,0.71595,1,SCADA_Injection,0.5,2025-05-13T11:42:07
578,0.90456,1,Replay,0.5,2025-05-13T11:42:07
579,0.288732,0,Normal,0.5,2025-05-13T11:42:07
580,0.883272,1,DDoS,0.5,2025-05-13T11:42:07
581,0.785808,1,SCADA_Injection,0.5,2025-05-13T11:42:07
582,0.572108,1,SCADA_Injection,0.5,2025-05-13T11:42:07
583,0.834663,1,Replay,0.5,2025-05-13T11:42:07
584,0.758739,1,Replay,0.5,2025-05-13T11:42:07
585,0.876527,1,SCADA_Injection,0.5,2025-05-13T11:42:07
586,0.884793,1,Malware,0.5,2025-05-13T11:42:07
587,0.714351,1,Replay,0.5,2025-05-13T11:42:07
588,0.157835,0,Normal,0.5,2025-05-13T11:42:07
589,0.764755,1,DDoS,0.5,2025-05-13T11:42:07
590,0.921027,1,Malware,0.5,2025-05-13T11:42:07
591,0.791048,1,Malware,0.5,2025-05-13T11:42:07
592,0.922268,1,Replay,0.5,2025-05-13T11:42:07
593,0.424877,0,Normal,0.5,2025-05-13T11:42:07
594,0.826078,1,Replay,0.5,2025-05-13T11:42:07
595,0.139155,0,Normal,0.5,2025-05-13T11:42:07
596,0.054988,0,Normal,0.5,2025-05-13T11:42:07
597,0.909957,1,DDoS,0.5,2025-05-13T11:42:07
598,0.833366,1,SCADA_Injection,0.5,2025-05-13T11:42:07
599,0.895206,1,DDoS,0.5,2025-05-13T11:42:07
600,0.920936,1,Malware,0.5,2025-05-13T11:42:07
601,0.828485,1,Replay,0.5,2025-05-13T11:42:07
602,0.028217,0,Normal,0.5,2025-05-13T11:42:07
603,0.871766,1,Replay,0.5,2025-05-13T11:42:07
604,0.600137,1,Malware,0.5,2025-05-13T11:42:07
605,0.921219,1,DDoS,0.5,2025-05-13T11:42:07
606,0.823822,1,DDoS,0.5,2025-05-13T11:42:07
607,0.161501,0,Normal,0.5,2025-05-13T11:42:07
608,0.814164,1,Malware,0.5,2025-05-13T11:42:07
609,0.767619,1,DDoS,0.5,2025-05-13T11:42:07
610,0.898723,1,DDoS,0.5,2025-05-13T11:42:07
611,0.899202,1,DDoS,0.5,2025-05-13T11:42:07
612,0.875455,1,SCADA_Injection,0.5,2025-05-13T11:42:07
613,0.117423,0,Normal,0.5,2025-05-13T11:42:07
614,0.78002,1,SCADA_Injection,0.5,2025-05-13T11:42:07
615,0.098639,0,Normal,0.5,2025-05-13T11:42:07
616,0.8577,1,SCADA_Injection,0.5,2025-05-13T11:42:07
617,0.923477,1,SCADA_Injection,0.5,2025-05-13T11:42:07
618,0.093433,0,Normal,0.5,2025-05-13T11:42:07
619,0.797715,1,Malware,0.5,2025-05-13T11:42:07
620,0.193132,0,Normal,0.5,2025-05-13T11:42:07
621,0.165318,0,Normal,0.5,2025-05-13T11:42:07
622,0.342281,0,Normal,0.5,2025-05-13T11:42:07
623,0.080521,0,Normal,0.5,2025-05-13T11:42:07
624,0.338593,0,Normal,0.5,2025-05-13T11:42:07
625,0.893445,1,Malware,0.5,2025-05-13T11:42:07
626,0.758999,1,SCADA_Injection,0.5,2025-05-13T11:42:07
627,0.093281,0,Normal,0.5,2025-05-13T11:42:07
628,0.829518,1,Replay,0.5,2025-05-13T11:42:07
629,0.825017,1,Replay,0.5,2025-05-13T11:42:07
630,0.873879,1,Replay,0.5,2025-05-13T11:42:07
631,0.365783,0,Normal,0.5,2025-05-13T11:42:07
632,0.888088,1,DDoS,0.5,2025-05-13T11:42:07
633,0.110623,0,Normal,0.5,2025-05-13T11:42:07
634,0.088996,0,Normal,0.5,2025-05-13T11:42:07
635,0.231879,0,Normal,0.5,2025-05-13T11:42:07
636,0.136846,0,Normal,0.5,2025-05-13T11:42:07
637,0.071035,0,Normal,0.5,2025-05-13T11:42:07
638,0.198084,0,Normal,0.5,2025-05-13T11:42:07
639,0.022506,0,Normal,0.5,2025-05-13T11:42:07
640,0.088054,0,Normal,0.5,2025-05-13T11:42:07
641,0.038512,0,Normal,0.5,2025-05-13T11:42:07
642,0.833568,1,DDoS,0.5,2025-05-13T11:42:07
643,0.860498,1,DDoS,0.5,2025-05-13T11:42:07
644,0.149183,0,Normal,0.5,2025-05-13T11:42:07
645,0.778049,1,DDoS,0.5,2025-05-13T11:42:07
646,0.093832,0,Normal,0.5,2025-05-13T11:42:07
647,0.810034,1,Replay,0.5,2025-05-13T11:42:07
648,0.008229,0,Normal,0.5,2025-05-13T11:42:07
649,0.774344,1,Replay,0.5,2025-05-13T11:42:07
650,0.644724,1,Replay,0.5,2025-05-13T11:42:07
651,0.704707,1,SCADA_Injection,0.5,2025-05-13T11:42:07
652,0.064658,0,Normal,0.5,2025-05-13T11:42:07
653,0.256602,0,Normal,0.5,2025-05-13T11:42:07
654,0.075986,0,Normal,0.5,2025-05-13T11:42:07
655,0.751299,1,Replay,0.5,2025-05-13T11:42:07
656,0.879694,1,Malware,0.5,2025-05-13T11:42:07
657,0.718343,1,SCADA_Injection,0.5,2025-05-13T11:42:07
658,0.909536,1,Replay,0.5,2025-05-13T11:42:07
659,0.794149,1,SCADA_Injection,0.5,2025-05-13T11:42:07
660,0.824038,1,Malware,0.5,2025-05-13T11:42:07
661,0.745685,1,DDoS,0.5,2025-05-13T11:42:07
662,0.100903,0,Normal,0.5,2025-05-13T11:42:07
663,0.905085,1,Replay,0.5,2025-05-13T11:42:07
664,0.16029,0,Normal,0.5,2025-05-13T11:42:07
665,0.147754,0,Normal,0.5,2025-05-13T11:42:07
666,0.91836,1,SCADA_Injection,0.5,2025-05-13T11:42:07
667,0.026781,0,Normal,0.5,2025-05-13T11:42:07
668,0.70343,1,Replay,0.5,2025-05-13T11:42:07
669,0.904639,1,Malware,0.5,2025-05-13T11:42:07
670,0.720748,1,SCADA_Injection,0.5,2025-05-13T11:42:07
671,0.734874,1,DDoS,0.5,2025-05-13T11:42:07
672,0.738211,1,DDoS,0.5,2025-05-13T11:42:07
673,0.803799,1,Replay,0.5,2025-05-13T11:42:07
674,0.702592,1,SCADA_Injection,0.5,2025-05-13T11:42:07
675,0.919728,1,Replay,0.5,2025-05-13T11:42:07
676,0.773634,1,Replay,0.5,2025-05-13T11:42:07
677,0.111033,0,Normal,0.5,2025-05-13T11:42:07
678,0.081292,0,Normal,0.5,2025-05-13T11:42:07
679,0.325068,0,Normal,0.5,2025-05-13T11:42:07
680,0.209968,0,Normal,0.5,2025-05-13T11:42:07
681,0.846945,1,SCADA_Injection,0.5,2025-05-13T11:42:07
682,0.227007,0,Normal,0.5,2025-05-13T11:42:07
683,0.810573,1,SCADA_Injection,0.5,2025-05-13T11:42:07
684,0.798694,1,Malware,0.5,2025-05-13T11:42:07
685,0.777087,1,DDoS,0.5,2025-05-13T11:42:07
686,0.839859,1,SCADA_Injection,0.5,2025-05-13T11:42:07
687,0.216367,0,Normal,0.5,2025-05-13T11:42:07
688,0.111791,0,Normal,0.5,2025-05-13T11:42:07
689,0.771242,1,Malware,0.5,2025-05-13T11:42:07
690,0.723159,1,Malware,0.5,2025-05-13T11:42:07
691,0.681216,1,Malware,0.5,2025-05-13T11:42:07
692,0.823228,1,SCADA_Injection,0.5,2025-05-13T11:42:07
693,0.039589,0,Normal,0.5,2025-05-13T11:42:07
694,0.746236,1,SCADA_Injection,0.5,2025-05-13T11:42:07
695,0.908516,1,Replay,0.5,2025-05-13T11:42:07
696,0.01179,0,Normal,0.5,2025-05-13T11:42:07
697,0.784615,1,Malware,0.5,2025-05-13T11:42:07
698,0.322376,0,Normal,0.5,2025-05-13T11:42:07
699,0.811093,1,SCADA_Injection,0.5,2025-05-13T11:42:07
700,0.097732,0,Normal,0.5,2025-05-13T11:42:07
701,0.070706,0,Normal,0.5,2025-05-13T11:42:07
702,0.391805,0,Normal,0.5,2025-05-13T11:42:07
703,0.838876,1,SCADA_Injection,0.5,2025-05-13T11:42:07
704,0.869323,1,Malware,0.5,2025-05-13T11:42:07
705,0.619188,1,Replay,0.5,2025-05-13T11:42:07
706,0.179047,0,Normal,0.5,2025-05-13T11:42:07
707,0.885498,1,SCADA_Injection,0.5,2025-05-13T11:42:07
708,0.599269,1,Malware,0.5,2025-05-13T11:42:07
709,0.886174,1,DDoS,0.5,2025-05-13T11:42:07
710,0.203011,0,Normal,0.5,2025-05-13T11:42:07
711,0.230065,0,Normal,0.5,2025-05-13T11:42:07
712,0.06128,0,Normal,0.5,2025-05-13T11:42:07
713,0.780728,1,DDoS,0.5,2025-05-13T11:42:07
714,0.205838,0,Normal,0.5,2025-05-13T11:42:07
715,0.768607,1,Replay,0.5,2025-05-13T11:42:07
716,0.685738,1,SCADA_Injection,0.5,2025-05-13T11:42:07
717,0.127328,0,Normal,0.5,2025-05-13T11:42:07
718,0.834231,1,DDoS,0.5,2025-05-13T11:42:07
719,0.838558,1,DDoS,0.5,2025-05-13T11:42:07
720,0.673115,1,SCADA_Injection,0.5,2025-05-13T11:42:07
721,0.051398,0,Normal,0.5,2025-05-13T11:42:07
722,0.855224,1,Replay,0.5,2025-05-13T11:42:07
723,0.720928,1,Replay,0.5,2025-05-13T11:42:07
724,0.05202,0,Normal,0.5,2025-05-13T11:42:07
725,0.921011,1,SCADA_Injection,0.5,2025-05-13T11:42:07
726,0.775528,1,Malware,0.5,2025-05-13T11:42:07
727,0.748957,1,Malware,0.5,2025-05-13T11:42:07
728,0.885148,1,Replay,0.5,2025-05-13T11:42:07
729,0.87216,1,SCADA_Injection,0.5,2025-05-13T11:42:07
730,0.728079,1,DDoS,0.5,2025-05-13T11:42:07
731,0.831971,1,Malware,0.5,2025-05-13T11:42:07
732,0.880902,1,Replay,0.5,2025-05-13T11:42:07
733,0.139652,0,Normal,0.5,2025-05-13T11:42:07
734,0.849001,1,Malware,0.5,2025-05-13T11:42:07
735,0.206998,0,Normal,0.5,2025-05-13T11:42:07
736,0.712563,1,DDoS,0.5,2025-05-13T11:42:07
737,0.891755,1,DDoS,0.5,2025-05-13T11:42:07
738,0.77667,1,SCADA_Injection,0.5,2025-05-13T11:42:07
739,0.702998,1,Malware,0.5,2025-05-13T11:42:07
740,0.259706,0,Normal,0.5,2025-05-13T11:42:07
741,0.816687,1,Malware,0.5,2025-05-13T11:42:07
742,0.721101,1,Replay,0.5,2025-05-13T11:42:07
743,0.811509,1,DDoS,0.5,2025-05-13T11:42:07
744,0.127498,0,Normal,0.5,2025-05-13T11:42:07
745,0.867424,1,DDoS,0.5,2025-05-13T11:42:07
746,0.311339,0,Normal,0.5,2025-05-13T11:42:07
747,0.736257,1,Replay,0.5,2025-05-13T11:42:07
748,0.054943,0,Normal,0.5,2025-05-13T11:42:07
749,0.223381,0,Normal,0.5,2025-05-13T11:42:07
750,0.269599,0,Normal,0.5,2025-05-13T11:42:07
751,0.795655,1,SCADA_Injection,0.5,2025-05-13T11:42:07
752,0.164815,0,Normal,0.5,2025-05-13T11:42:07
753,0.062487,0,Normal,0.5,2025-05-13T11:42:07
754,0.358726,0,Normal,0.5,2025-05-13T11:42:07
755,0.931803,1,SCADA_Injection,0.5,2025-05-13T11:42:07
756,0.045787,0,Normal,0.5,2025-05-13T11:42:07
757,0.78912,1,DDoS,0.5,2025-05-13T11:42:07
758,0.015285,0,Normal,0.5,2025-05-13T11:42:07
759,0.110936,0,Normal,0.5,2025-05-13T11:42:07
760,0.788734,1,Malware,0.5,2025-05-13T11:42:07
761,0.880037,1,SCADA_Injection,0.5,2025-05-13T11:42:07
762,0.015271,0,Normal,0.5,2025-05-13T11:42:07
763,0.503089,1,Malware,0.5,2025-05-13T11:42:07
764,0.795323,1,SCADA_Injection,0.5,2025-05-13T11:42:07
765,0.827935,1,DDoS,0.5,2025-05-13T11:42:07
766,0.441748,0,Normal,0.5,2025-05-13T11:42:07
767,0.092488,0,Normal,0.5,2025-05-13T11:42:07
768,0.908717,1,DDoS,0.5,2025-05-13T11:42:07
769,0.720672,1,Replay,0.5,2025-05-13T11:42:07
770,0.032334,0,Normal,0.5,2025-05-13T11:42:07
771,0.721388,1,SCADA_Injection,0.5,2025-05-13T11:42:07
772,0.889575,1,Malware,0.5,2025-05-13T11:42:07
773,0.875451,1,SCADA_Injection,0.5,2025-05-13T11:42:07
774,0.033144,0,Normal,0.5,2025-05-13T11:42:07
775,0.766494,1,SCADA_Injection,0.5,2025-05-13T11:42:07
776,0.681591,1,Replay,0.5,2025-05-13T11:42:07
777,0.041863,0,Normal,0.5,2025-05-13T11:42:07
778,0.842027,1,Replay,0.5,2025-05-13T11:42:07
779,0.727305,1,SCADA_Injection,0.5,2025-05-13T11:42:07
780,0.786967,1,DDoS,0.5,2025-05-13T11:42:07
781,0.774127,1,Replay,0.5,2025-05-13T11:42:07
782,0.794843,1,DDoS,0.5,2025-05-13T11:42:07
783,0.333154,0,Normal,0.5,2025-05-13T11:42:07
784,0.863839,1,Malware,0.5,2025-05-13T11:42:07
785,0.019985,0,Normal,0.5,2025-05-13T11:42:07
786,0.060148,0,Normal,0.5,2025-05-13T11:42:07
787,0.917361,1,Replay,0.5,2025-05-13T11:42:07
788,0.872861,1,SCADA_Injection,0.5,2025-05-13T11:42:07
789,0.062944,0,Normal,0.5,2025-05-13T11:42:07
790,0.080175,0,Normal,0.5,2025-05-13T11:42:07
791,0.763338,1,DDoS,0.5,2025-05-13T11:42:07
792,0.126404,0,Normal,0.5,2025-05-13T11:42:07
793,0.746498,1,DDoS,0.5,2025-05-13T11:42:07
794,0.162709,0,Normal,0.5,2025-05-13T11:42:07
795,0.88682,1,DDoS,0.5,2025-05-13T11:42:07
796,0.918502,1,Malware,0.5,2025-05-13T11:42:07
797,0.887495,1,Replay,0.5,2025-05-13T11:42:07
798,0.919519,1,DDoS,0.5,2025-05-13T11:42:07
799,0.016618,0,Normal,0.5,2025-05-13T11:42:07
800,0.209877,0,Normal,0.5,2025-05-13T11:42:07
801,0.027377,0,Normal,0.5,2025-05-13T11:42:07
802,0.276032,0,Normal,0.5,2025-05-13T11:42:07
803,0.594835,1,Malware,0.5,2025-05-13T11:42:07
804,0.284493,0,Normal,0.5,2025-05-13T11:42:07
805,0.744374,1,Malware,0.5,2025-05-13T11:42:07
806,0.160052,0,Normal,0.5,2025-05-13T11:42:07
807,0.063292,0,Normal,0.5,2025-05-13T11:42:07
808,0.171117,0,Normal,0.5,2025-05-13T11:42:07
809,0.037081,0,Normal,0.5,2025-05-13T11:42:07
810,0.314649,0,Normal,0.5,2025-05-13T11:42:07
811,0.915561,1,DDoS,0.5,2025-05-13T11:42:07
812,0.885411,1,DDoS,0.5,2025-05-13T11:42:07
813,0.018742,0,Normal,0.5,2025-05-13T11:42:07
814,0.724258,1,SCADA_Injection,0.5,2025-05-13T11:42:07
815,0.720276,1,Replay,0.5,2025-05-13T11:42:07
816,0.011803,0,Normal,0.5,2025-05-13T11:42:07
817,0.704913,1,Malware,0.5,2025-05-13T11:42:07
818,0.826236,1,Malware,0.5,2025-05-13T11:42:07
819,0.890206,1,Replay,0.5,2025-05-13T11:42:07
820,0.213727,0,Normal,0.5,2025-05-13T11:42:07
821,0.124473,0,Normal,0.5,2025-05-13T11:42:07
822,0.905456,1,DDoS,0.5,2025-05-13T11:42:07
823,0.910819,1,Replay,0.5,2025-05-13T11:42:07
824,0.895585,1,DDoS,0.5,2025-05-13T11:42:07
825,0.404382,0,Normal,0.5,2025-05-13T11:42:07
826,0.801121,1,DDoS,0.5,2025-05-13T11:42:07
827,0.22377,0,Normal,0.5,2025-05-13T11:42:07
828,0.113641,0,Normal,0.5,2025-05-13T11:42:07
829,0.766194,1,Malware,0.5,2025-05-13T11:42:07
830,0.004147,0,Normal,0.5,2025-05-13T11:42:07
831,0.822915,1,Replay,0.5,2025-05-13T11:42:07
832,0.703467,1,DDoS,0.5,2025-05-13T11:42:07
833,0.080106,0,Normal,0.5,2025-05-13T11:42:07
834,0.916176,1,SCADA_Injection,0.5,2025-05-13T11:42:07
835,0.685995,1,Malware,0.5,2025-05-13T11:42:07
836,0.386767,0,Normal,0.5,2025-05-13T11:42:07
837,0.14818,0,Normal,0.5,2025-05-13T11:42:07
838,0.761577,1,SCADA_Injection,0.5,2025-05-13T11:42:07
839,0.864905,1,SCADA_Injection,0.5,2025-05-13T11:42:07
840,0.713117,1,Malware,0.5,2025-05-13T11:42:07
841,0.897708,1,Replay,0.5,2025-05-13T11:42:07
842,0.872377,1,DDoS,0.5,2025-05-13T11:42:07
843,0.043403,0,Normal,0.5,2025-05-13T11:42:07
844,0.040951,0,Normal,0.5,2025-05-13T11:42:07
845,0.136254,0,Normal,0.5,2025-05-13T11:42:07
846,0.580964,1,Replay,0.5,2025-05-13T11:42:07
847,0.078888,0,Normal,0.5,2025-05-13T11:42:07
848,0.724719,1,DDoS,0.5,2025-05-13T11:42:07
849,0.048974,0,Normal,0.5,2025-05-13T11:42:07
850,0.151921,0,Normal,0.5,2025-05-13T11:42:07
851,0.900272,1,Malware,0.5,2025-05-13T11:42:07
852,0.134228,0,Normal,0.5,2025-05-13T11:42:07
853,0.820105,1,SCADA_Injection,0.5,2025-05-13T11:42:07
854,0.151727,0,Normal,0.5,2025-05-13T11:42:07
855,0.119855,0,Normal,0.5,2025-05-13T11:42:07
856,0.91486,1,SCADA_Injection,0.5,2025-05-13T11:42:07
857,0.856428,1,SCADA_Injection,0.5,2025-05-13T11:42:07
858,0.202019,0,Normal,0.5,2025-05-13T11:42:07
859,0.425775,0,Normal,0.5,2025-05-13T11:42:07
860,0.188433,0,Normal,0.5,2025-05-13T11:42:07
861,0.743305,1,Malware,0.5,2025-05-13T11:42:07
862,0.267477,0,Normal,0.5,2025-05-13T11:42:07
863,0.894026,1,Malware,0.5,2025-05-13T11:42:07
864,0.231679,0,Normal,0.5,2025-05-13T11:42:07
865,0.87997,1,DDoS,0.5,2025-05-13T11:42:07
866,0.886985,1,SCADA_Injection,0.5,2025-05-13T11:42:07
867,0.830964,1,Replay,0.5,2025-05-13T11:42:07
868,0.74427,1,Malware,0.5,2025-05-13T11:42:07
869,0.769352,1,SCADA_Injection,0.5,2025-05-13T11:42:07
870,0.779333,1,SCADA_Injection,0.5,2025-05-13T11:42:07
871,0.045377,0,Normal,0.5,2025-05-13T11:42:07
872,0.893291,1,SCADA_Injection,0.5,2025-05-13T11:42:07
873,0.098999,0,Normal,0.5,2025-05-13T11:42:07
874,0.038724,0,Normal,0.5,2025-05-13T11:42:07
875,0.717519,1,SCADA_Injection,0.5,2025-05-13T11:42:07
876,0.130263,0,Normal,0.5,2025-05-13T11:42:07
877,0.772351,1,Replay,0.5,2025-05-13T11:42:07
878,0.099141,0,Normal,0.5,2025-05-13T11:42:07
879,0.032778,0,Normal,0.5,2025-05-13T11:42:07
880,0.813846,1,Replay,0.5,2025-05-13T11:42:07
881,0.619843,1,DDoS,0.5,2025-05-13T11:42:07
882,0.110883,0,Normal,0.5,2025-05-13T11:42:07
883,0.134147,0,Normal,0.5,2025-05-13T11:42:07
884,0.772716,1,Replay,0.5,2025-05-13T11:42:07
885,0.078408,0,Normal,0.5,2025-05-13T11:42:07
886,0.692833,1,Replay,0.5,2025-05-13T11:42:07
887,0.028559,0,Normal,0.5,2025-05-13T11:42:07
888,0.934753,1,SCADA_Injection,0.5,2025-05-13T11:42:07
889,0.109615,0,Normal,0.5,2025-05-13T11:42:07
890,0.070393,0,Normal,0.5,2025-05-13T11:42:07
891,0.837122,1,Replay,0.5,2025-05-13T11:42:07
892,0.822589,1,Malware,0.5,2025-05-13T11:42:07
893,0.088182,0,Normal,0.5,2025-05-13T11:42:07
894,0.749001,1,DDoS,0.5,2025-05-13T11:42:07
895,0.834222,1,Malware,0.5,2025-05-13T11:42:07
896,0.114358,0,Normal,0.5,2025-05-13T11:42:07
897,0.714048,1,SCADA_Injection,0.5,2025-05-13T11:42:07
898,0.184675,0,Normal,0.5,2025-05-13T11:42:07
899,0.132087,0,Normal,0.5,2025-05-13T11:42:07
900,0.927265,1,Replay,0.5,2025-05-13T11:42:07
901,0.125541,0,Normal,0.5,2025-05-13T11:42:07
902,0.939665,1,Replay,0.5,2025-05-13T11:42:07
903,0.914154,1,DDoS,0.5,2025-05-13T11:42:07
904,0.840855,1,DDoS,0.5,2025-05-13T11:42:07
905,0.256534,0,Normal,0.5,2025-05-13T11:42:07
906,0.004966,0,Normal,0.5,2025-05-13T11:42:07
907,0.025977,0,Normal,0.5,2025-05-13T11:42:07
908,0.099173,0,Normal,0.5,2025-05-13T11:42:07
909,0.056091,0,Normal,0.5,2025-05-13T11:42:07
910,0.838325,1,SCADA_Injection,0.5,2025-05-13T11:42:07
911,0.764593,1,Replay,0.5,2025-05-13T11:42:07
912,0.821805,1,DDoS,0.5,2025-05-13T11:42:07
913,0.883587,1,Malware,0.5,2025-05-13T11:42:07
914,0.836738,1,DDoS,0.5,2025-05-13T11:42:07
915,0.078016,0,Normal,0.5,2025-05-13T11:42:07
916,0.940243,1,DDoS,0.5,2025-05-13T11:42:07
917,0.143423,0,Normal,0.5,2025-05-13T11:42:07
918,0.004327,0,Normal,0.5,2025-05-13T11:42:07
919,0.074346,0,Normal,0.5,2025-05-13T11:42:07
920,0.164757,0,Normal,0.5,2025-05-13T11:42:07
921,0.795031,1,Replay,0.5,2025-05-13T11:42:07
922,0.194709,0,Normal,0.5,2025-05-13T11:42:07
923,0.047037,0,Normal,0.5,2025-05-13T11:42:07
924,0.781951,1,SCADA_Injection,0.5,2025-05-13T11:42:07
925,0.080929,0,Normal,0.5,2025-05-13T11:42:07
926,0.799408,1,Replay,0.5,2025-05-13T11:42:07
927,0.061612,0,Normal,0.5,2025-05-13T11:42:07
928,0.716176,1,SCADA_Injection,0.5,2025-05-13T11:42:07
929,0.08196,0,Normal,0.5,2025-05-13T11:42:07
930,0.821954,1,DDoS,0.5,2025-05-13T11:42:07
931,0.948437,1,DDoS,0.5,2025-05-13T11:42:07
932,0.908288,1,DDoS,0.5,2025-05-13T11:42:07
933,0.021218,0,Normal,0.5,2025-05-13T11:42:07
934,0.707263,1,Malware,0.5,2025-05-13T11:42:07
935,0.877802,1,SCADA_Injection,0.5,2025-05-13T11:42:07
936,0.815955,1,Replay,0.5,2025-05-13T11:42:07
937,0.096956,0,Normal,0.5,2025-05-13T11:42:07
938,0.112248,0,Normal,0.5,2025-05-13T11:42:07
939,0.323605,0,Normal,0.5,2025-05-13T11:42:07
940,0.794604,1,DDoS,0.5,2025-05-13T11:42:07
941,0.096007,0,Normal,0.5,2025-05-13T11:42:07
942,0.310587,0,Normal,0.5,2025-05-13T11:42:07
943,0.90616,1,SCADA_Injection,0.5,2025-05-13T11:42:07
944,0.191524,0,Normal,0.5,2025-05-13T11:42:07
945,0.252032,0,Normal,0.5,2025-05-13T11:42:07
946,0.125048,0,Normal,0.5,2025-05-13T11:42:07
947,0.111762,0,Normal,0.5,2025-05-13T11:42:07
948,0.102794,0,Normal,0.5,2025-05-13T11:42:07
949,0.83903,1,SCADA_Injection,0.5,2025-05-13T11:42:07
950,0.059113,0,Normal,0.5,2025-05-13T11:42:07
951,0.884989,1,Replay,0.5,2025-05-13T11:42:07
952,0.325146,0,Normal,0.5,2025-05-13T11:42:07
953,0.124126,0,Normal,0.5,2025-05-13T11:42:07
954,0.943183,1,SCADA_Injection,0.5,2025-05-13T11:42:07
955,0.714024,1,Replay,0.5,2025-05-13T11:42:07
956,0.175319,0,Normal,0.5,2025-05-13T11:42:07
957,0.065462,0,Normal,0.5,2025-05-13T11:42:07
958,0.034295,0,Normal,0.5,2025-05-13T11:42:07
959,0.924627,1,SCADA_Injection,0.5,2025-05-13T11:42:07
960,0.833862,1,DDoS,0.5,2025-05-13T11:42:07
961,0.798604,1,DDoS,0.5,2025-05-13T11:42:07
962,0.845017,1,SCADA_Injection,0.5,2025-05-13T11:42:07
963,0.271431,0,Normal,0.5,2025-05-13T11:42:07
964,0.801985,1,SCADA_Injection,0.5,2025-05-13T11:42:07
965,0.044611,0,Normal,0.5,2025-05-13T11:42:07
966,0.1917,0,Normal,0.5,2025-05-13T11:42:07
967,0.098572,0,Normal,0.5,2025-05-13T11:42:07
968,0.854813,1,Replay,0.5,2025-05-13T11:42:07
969,0.129101,0,Normal,0.5,2025-05-13T11:42:07
970,0.879992,1,Malware,0.5,2025-05-13T11:42:07
971,0.852911,1,Malware,0.5,2025-05-13T11:42:07
972,0.195711,0,Normal,0.5,2025-05-13T11:42:07
973,0.077962,0,Normal,0.5,2025-05-13T11:42:07
974,0.887455,1,Malware,0.5,2025-05-13T11:42:07
975,0.190255,0,Normal,0.5,2025-05-13T11:42:07
976,0.903554,1,SCADA_Injection,0.5,2025-05-13T11:42:07
977,0.69942,1,Malware,0.5,2025-05-13T11:42:07
978,0.855845,1,Malware,0.5,2025-05-13T11:42:07
979,0.772327,1,SCADA_Injection,0.5,2025-05-13T11:42:07
980,0.877707,1,Replay,0.5,2025-05-13T11:42:07
981,0.147598,0,Normal,0.5,2025-05-13T11:42:07
982,0.824853,1,Malware,0.5,2025-05-13T11:42:07
983,0.082952,0,Normal,0.5,2025-05-13T11:42:07
984,0.136363,0,Normal,0.5,2025-05-13T11:42:07
985,0.21469,0,Normal,0.5,2025-05-13T11:42:07
986,0.743605,1,SCADA_Injection,0.5,2025-05-13T11:42:07
987,0.820591,1,Replay,0.5,2025-05-13T11:42:07
988,0.819784,1,Malware,0.5,2025-05-13T11:42:07
989,0.885383,1,Replay,0.5,2025-05-13T11:42:07
990,0.875363,1,Replay,0.5,2025-05-13T11:42:07
991,0.893991,1,DDoS,0.5,2025-05-13T11:42:07
992,0.71416,1,Malware,0.5,2025-05-13T11:42:07
993,0.09171,0,Normal,0.5,2025-05-13T11:42:07
994,0.575331,1,Malware,0.5,2025-05-13T11:42:07
995,0.8853,1,Malware,0.5,2025-05-13T11:42:07
996,0.186256,0,Normal,0.5,2025-05-13T11:42:07
997,0.858672,1,SCADA_Injection,0.5,2025-05-13T11:42:07
998,0.764595,1,Replay,0.5,2025-05-13T11:42:07
999,0.870593,1,DDoS,0.5,2025-05-13T11:42:07
1000,0.647612,1,Malware,0.5,2025-05-13T11:42:07
1001,0.70096,1,SCADA_Injection,0.5,2025-05-13T11:42:07
1002,0.834486,1,DDoS,0.5,2025-05-13T11:42:07
1003,0.869307,1,Replay,0.5,2025-05-13T11:42:07
1004,0.877602,1,SCADA_Injection,0.5,2025-05-13T11:42:07
1005,0.083177,0,Normal,0.5,2025-05-13T11:42:07
1006,0.150652,0,Normal,0.5,2025-05-13T11:42:07
1007,0.307599,0,Normal,0.5,2025-05-13T11:42:07
1008,0.036283,0,Normal,0.5,2025-05-13T11:42:07
1009,0.132759,0,Normal,0.5,2025-05-13T11:42:07
1010,0.247571,0,Normal,0.5,2025-05-13T11:42:07
1011,0.041303,0,Normal,0.5,2025-05-13T11:42:07
1012,0.764816,1,Malware,0.5,2025-05-13T11:42:07
1013,0.862751,1,SCADA_Injection,0.5,2025-05-13T11:42:07
1014,0.862516,1,SCADA_Injection,0.5,2025-05-13T11:42:07
1015,0.929268,1,SCADA_Injection,0.5,2025-05-13T11:42:07
1016,0.614662,1,Malware,0.5,2025-05-13T11:42:07
1017,0.863349,1,DDoS,0.5,2025-05-13T11:42:07
1018,0.84098,1,Malware,0.5,2025-05-13T11:42:07
1019,0.812272,1,DDoS,0.5,2025-05-13T11:42:07
1020,0.072365,0,Normal,0.5,2025-05-13T11:42:07
1021,0.074984,0,Normal,0.5,2025-05-13T11:42:07
1022,0.272945,0,Normal,0.5,2025-05-13T11:42:07
1023,0.132234,0,Normal,0.5,2025-05-13T11:42:07
1024,0.021088,0,Normal,0.5,2025-05-13T11:42:07
1025,0.854553,1,Malware,0.5,2025-05-13T11:42:07
1026,0.08769,0,Normal,0.5,2025-05-13T11:42:07
1027,0.904992,1,SCADA_Injection,0.5,2025-05-13T11:42:07
1028,0.888177,1,Malware,0.5,2025-05-13T11:42:07
1029,0.156457,0,Normal,0.5,2025-05-13T11:42:07
1030,0.919733,1,Replay,0.5,2025-05-13T11:42:07
1031,0.908191,1,DDoS,0.5,2025-05-13T11:42:07
1032,0.813327,1,DDoS,0.5,2025-05-13T11:42:07
1033,0.925835,1,SCADA_Injection,0.5,2025-05-13T11:42:07
1034,0.758325,1,Malware,0.5,2025-05-13T11:42:07
1035,0.849335,1,DDoS,0.5,2025-05-13T11:42:07
1036,0.233367,0,Normal,0.5,2025-05-13T11:42:07
1037,0.707081,1,SCADA_Injection,0.5,2025-05-13T11:42:07
1038,0.010181,0,Normal,0.5,2025-05-13T11:42:07
1039,0.175802,0,Normal,0.5,2025-05-13T11:42:07
1040,0.802887,1,Malware,0.5,2025-05-13T11:42:07
1041,0.918973,1,Malware,0.5,2025-05-13T11:42:07
1042,0.842218,1,DDoS,0.5,2025-05-13T11:42:07
1043,0.05893,0,Normal,0.5,2025-05-13T11:42:07
1044,0.91244,1,Replay,0.5,2025-05-13T11:42:07
1045,0.782699,1,Malware,0.5,2025-05-13T11:42:07
1046,0.067056,0,Normal,0.5,2025-05-13T11:42:07
1047,0.154395,0,Normal,0.5,2025-05-13T11:42:07
1048,0.077725,0,Normal,0.5,2025-05-13T11:42:07
1049,0.931261,1,SCADA_Injection,0.5,2025-05-13T11:42:07
1050,0.859786,1,Malware,0.5,2025-05-13T11:42:07
1051,0.144444,0,Normal,0.5,2025-05-13T11:42:07
1052,0.749576,1,SCADA_Injection,0.5,2025-05-13T11:42:07
1053,0.093645,0,Normal,0.5,2025-05-13T11:42:07
1054,0.147504,0,Normal,0.5,2025-05-13T11:42:07
1055,0.188972,0,Normal,0.5,2025-05-13T11:42:07
1056,0.109178,0,Normal,0.5,2025-05-13T11:42:07
1057,0.235141,0,Normal,0.5,2025-05-13T11:42:07
1058,0.837605,1,DDoS,0.5,2025-05-13T11:42:07
1059,0.86781,1,Replay,0.5,2025-05-13T11:42:07
1060,0.869766,1,SCADA_Injection,0.5,2025-05-13T11:42:07
1061,0.859536,1,Malware,0.5,2025-05-13T11:42:07
1062,0.04267,0,Normal,0.5,2025-05-13T11:42:07
1063,0.772854,1,SCADA_Injection,0.5,2025-05-13T11:42:07
1064,0.892363,1,SCADA_Injection,0.5,2025-05-13T11:42:07
1065,0.831305,1,SCADA_Injection,0.5,2025-05-13T11:42:07
1066,0.802847,1,SCADA_Injection,0.5,2025-05-13T11:42:07
1067,0.049911,0,Normal,0.5,2025-05-13T11:42:07
1068,0.116374,0,Normal,0.5,2025-05-13T11:42:07
1069,0.83281,1,Malware,0.5,2025-05-13T11:42:07
1070,0.216189,0,Normal,0.5,2025-05-13T11:42:07
1071,0.096627,0,Normal,0.5,2025-05-13T11:42:07
1072,0.062743,0,Normal,0.5,2025-05-13T11:42:07
1073,0.891162,1,Replay,0.5,2025-05-13T11:42:07
1074,0.032568,0,Normal,0.5,2025-05-13T11:42:07
1075,0.386648,0,Normal,0.5,2025-05-13T11:42:07
1076,0.210903,0,Normal,0.5,2025-05-13T11:42:07
1077,0.135167,0,Normal,0.5,2025-05-13T11:42:07
1078,0.839597,1,Malware,0.5,2025-05-13T11:42:07
